ang_vel_x,ang_vel_y,ang_vel_z,proj_grav_x,proj_grav_y,proj_grav_z,vel_cmd_x,vel_cmd_y,vel_cmd_z,jpos_Joint_l_hip_yaw,jpos_Joint_l_hip_roll,jpos_Joint_l_hip_pitch,jpos_Joint_r_hip_yaw,jpos_Joint_r_hip_roll,jpos_Joint_r_hip_pitch,jpos_Joint_l_knee_pitch,jpos_Joint_r_knee_pitch,jpos_Joint_l_ankle_pitch,jpos_Joint_l_ankle_roll,jpos_Joint_r_ankle_pitch,jpos_Joint_r_ankle_roll,jpos_Joint_l_shoulder_pitch,jpos_Joint_l_shoulder_roll,jpos_Joint_l_shoulder_yaw,jpos_Joint_r_shoulder_pitch,jpos_Joint_r_shoulder_roll,jpos_Joint_r_shoulder_yaw,jpos_Joint_l_elbow_pitch,jpos_Joint_r_elbow_pitch,jpos_Joint_neck_pitch,jpos_Joint_neck_yaw,jpos_Joint_abdomen_yaw,jvel_Joint_l_hip_yaw,jvel_Joint_l_hip_roll,jvel_Joint_l_hip_pitch,jvel_Joint_r_hip_yaw,jvel_Joint_r_hip_roll,jvel_Joint_r_hip_pitch,jvel_Joint_l_knee_pitch,jvel_Joint_r_knee_pitch,jvel_Joint_l_ankle_pitch,jvel_Joint_l_ankle_roll,jvel_Joint_r_ankle_pitch,jvel_Joint_r_ankle_roll,jvel_Joint_l_shoulder_pitch,jvel_Joint_l_shoulder_roll,jvel_Joint_l_shoulder_yaw,jvel_Joint_r_shoulder_pitch,jvel_Joint_r_shoulder_roll,jvel_Joint_r_shoulder_yaw,jvel_Joint_l_elbow_pitch,jvel_Joint_r_elbow_pitch,jvel_Joint_neck_pitch,jvel_Joint_neck_yaw,jvel_Joint_abdomen_yaw,act_Joint_l_hip_yaw,act_Joint_l_hip_roll,act_Joint_l_hip_pitch,act_Joint_r_hip_yaw,act_Joint_r_hip_roll,act_Joint_r_hip_pitch,act_Joint_l_knee_pitch,act_Joint_r_knee_pitch,act_Joint_l_ankle_pitch,act_Joint_l_ankle_roll,act_Joint_r_ankle_pitch,act_Joint_r_ankle_roll,act_Joint_l_shoulder_pitch,act_Joint_l_shoulder_roll,act_Joint_l_shoulder_yaw,act_Joint_r_shoulder_pitch,act_Joint_r_shoulder_roll,act_Joint_r_shoulder_yaw,act_Joint_l_elbow_pitch,act_Joint_r_elbow_pitch,act_Joint_neck_pitch,act_Joint_neck_yaw,act_Joint_abdomen_yaw
-0.00000000,-0.00000000,-0.00000000,-0.00000000,-0.00000000,-1.00000000,0.00000000,0.00000000,0.00000000,0.08000000,-0.02000000,0.14000000,0.08000000,-0.02000000,0.14000000,-0.17000000,-0.17000000,-0.08000000,-0.02000000,-0.08000000,0.02000000,0.06000000,-0.25000000,0.00000000,0.06000000,-0.25000000,0.00000000,0.00000000,0.00000000,0.00000000,0.00000000,0.00000000,0.00000000,0.00000000,0.00000000,0.00000000,0.00000000,0.00000000,0.00000000,0.00000000,0.00000000,0.00000000,0.00000000,0.00000000,0.00000000,0.00000000,0.00000000,0.00000000,0.00000000,0.00000000,0.00000000,0.00000000,0.00000000,0.00000000,0.00000000,0.00000000,0.00000000,0.00000000,0.00000000,0.00000000,0.00000000,0.00000000,0.00000000,0.00000000,0.00000000,0.00000000,0.00000000,0.00000000,0.00000000,0.00000000,0.00000000,0.00000000,0.00000000,0.00000000,0.00000000,0.00000000,0.00000000,0.00000000
0.38285697,-0.01970715,-0.10215974,-0.00000000,-0.00000000,-1.00000000,0.00000000,0.00000000,0.00000000,0.00610000,0.00110000,-0.05490001,0.00610000,-0.00030000,-0.05520000,0.23599999,0.23599999,0.12630001,0.00520000,0.12630001,0.00520000,0.00140000,0.00029999,0.00420000,-0.00120000,-0.00100000,-0.00190000,0.00000000,0.00000000,-0.00540000,0.00480000,-0.00040000,0.62830001,0.12639999,0.62800002,0.63190001,-0.06220000,0.62800002,0.59719998,0.59729999,0.62809998,0.62769997,0.62819999,0.62809998,0.20280001,0.04120000,0.43050000,-0.21900000,-0.16530000,-0.20500000,-0.00570000,-0.00980000,-0.48800001,0.51020002,-0.12310000,0.00000000,0.00000000,0.00000000,0.00000000,0.00000000,0.00000000,0.00000000,0.00000000,0.00000000,0.00000000,0.00000000,0.00000000,0.00000000,0.00000000,0.00000000,0.00000000,0.00000000,0.00000000,0.00000000,0.00000000,0.00000000,0.00000000,0.00000000
-0.20276152,-0.02562968,-0.08905856,0.00037943,0.00438749,-0.99999034,0.00000000,0.00000000,0.00000000,0.01870000,0.00180000,-0.05980000,0.01860000,-0.00160000,-0.06119999,0.24859999,0.24870001,0.11430000,0.01720000,0.13290000,-0.00480000,-0.00400000,0.00139999,0.00620000,-0.01240001,-0.00570001,-0.00120000,0.00000000,-0.00190000,-0.00740000,0.00490000,-0.00050000,0.62830001,0.00720000,-0.62830001,0.62870002,-0.11300000,-0.62760001,0.62830001,0.62840003,-0.62830001,0.56129998,0.62790000,-0.62830001,-0.55580002,0.07760000,0.09040000,-0.62830001,-0.29830000,0.04110000,0.00030000,-0.10780000,-0.26300001,-0.01390000,0.03190000,0.00000000,0.00000000,0.00000000,0.00000000,0.00000000,0.00000000,0.00000000,0.00000000,0.00000000,0.00000000,0.00000000,0.00000000,0.00000000,0.00000000,0.00000000,0.00000000,0.00000000,0.00000000,0.00000000,0.00000000,0.00000000,0.00000000,0.00000000
-0.16000879,-0.01661239,-0.03626938,0.00087325,0.00083045,-0.99999928,0.00000000,0.00000000,0.00000000,0.00800000,0.00110000,-0.07240000,0.03130000,-0.00380000,-0.07380000,0.26120001,0.26130003,0.10170001,0.02630000,0.14550000,-0.01740000,-0.01190000,0.00299999,0.00690000,-0.02200000,-0.01090001,-0.00110000,-0.00270000,-0.00480000,-0.00960000,0.00370000,0.00780000,-0.62830001,-0.07220000,-0.62769997,0.62639999,-0.10490000,-0.62769997,0.62830001,0.62830001,-0.62830001,0.46079999,0.62809998,-0.62830001,-0.33530000,0.07990000,0.03320000,-0.41600001,-0.22160000,0.00670000,-0.13720000,-0.13390000,-0.03210000,-0.05940000,0.43920001,0.00000000,0.00000000,0.00000000,0.00000000,0.00000000,0.00000000,0.00000000,0.00000000,0.00000000,0.00000000,0.00000000,0.00000000,0.00000000,0.00000000,0.00000000,0.00000000,0.00000000,0.00000000,0.00000000,0.00000000,0.00000000,0.00000000,0.00000000
-0.09083787,0.01133554,-0.00043584,0.00104701,-0.00171224,-0.99999797,0.00000000,0.00000000,0.00000000,-0.00450000,-0.00150000,-0.08490001,0.01960000,-0.00560000,-0.08640000,0.27380002,0.27389997,0.08920000,0.03420000,0.14760000,-0.03000000,-0.01710000,0.00430000,0.00730000,-0.02900000,-0.01320000,-0.00080000,-0.00470000,-0.00580000,-0.00980000,0.00250000,0.00990000,-0.62830001,-0.17630000,-0.62589997,-0.62970001,-0.08160000,-0.62830001,0.62830001,0.62540001,-0.62819999,0.40730000,-0.06010000,-0.62830001,-0.23570000,0.05510000,0.01890000,-0.32089999,-0.02560000,0.01470000,-0.09230000,-0.02690000,0.03200000,-0.05730000,0.13360000,0.00000000,0.00000000,0.00000000,0.00000000,0.00000000,0.00000000,0.00000000,0.00000000,0.00000000,0.00000000,0.00000000,0.00000000,0.00000000,0.00000000,0.00000000,0.00000000,0.00000000,0.00000000,0.00000000,0.00000000,0.00000000,0.00000000,0.00000000
-0.08484672,0.03025297,0.01608944,0.00071412,-0.00344453,-0.99999380,0.00000000,0.00000000,0.00000000,-0.01710000,-0.00580000,-0.09739999,0.00700000,-0.00710000,-0.09899999,0.28630000,0.28640002,0.07660000,0.04190000,0.13510001,-0.04260000,-0.02110000,0.00520000,0.00730000,-0.03500000,-0.01220000,-0.00070000,-0.00630000,-0.00620000,-0.00910000,0.00140000,0.01240000,-0.62830001,-0.24280000,-0.62720001,-0.62919998,-0.07570000,-0.62830001,0.62830001,0.62750000,-0.62830001,0.37270001,-0.62819999,-0.62830001,-0.17010000,0.03760000,-0.00080000,-0.27900001,0.12000000,0.00430000,-0.07010000,-0.01730000,0.03870000,-0.05030000,0.13869999,0.00000000,0.00000000,0.00000000,0.00000000,0.00000000,0.00000000,0.00000000,0.00000000,0.00000000,0.00000000,0.00000000,0.00000000,0.00000000,0.00000000,0.00000000,0.00000000,0.00000000,0.00000000,0.00000000,0.00000000,0.00000000,0.00000000,0.00000000
-0.08757132,0.03555175,-0.00526174,0.00006610,-0.00513806,-0.99998683,0.00000000,0.00000000,0.00000000,-0.02620000,-0.01330000,-0.10619999,-0.00590000,-0.00800000,-0.11189999,0.30159998,0.29750001,0.11000000,0.03550000,0.12200001,-0.05510000,-0.02450000,0.00500000,0.00750000,-0.04040000,-0.00980000,-0.00100000,-0.00790000,-0.00720000,-0.00740000,-0.00040000,0.01210000,1.06089997,-0.68030000,-0.34470001,-0.26390001,0.01290000,-0.63800001,0.61979997,-0.11660000,6.53639984,-1.99890006,-0.69669998,-0.64190000,-0.64700001,-0.17030001,0.08150000,-0.15760000,-0.09720000,-0.14100000,-0.21300000,-0.30919999,0.41330001,-0.18040000,-0.70420003,0.00000000,0.00000000,0.00000000,0.00000000,0.00000000,0.00000000,0.00000000,0.00000000,0.00000000,0.00000000,0.00000000,0.00000000,0.00000000,0.00000000,0.00000000,0.00000000,0.00000000,0.00000000,0.00000000,0.00000000,0.00000000,0.00000000,0.00000000
-0.09200866,-0.10713734,0.46841303,-0.00238297,-0.01069609,-0.99993998,0.00000000,0.00000000,0.00000000,-0.03150000,-0.01470000,-0.11830001,-0.01780000,-0.01480000,-0.12629999,0.31209999,0.31330001,0.14150000,0.02880000,0.14150000,-0.02130000,-0.02440000,0.00330001,0.00770000,-0.04040000,-0.01230000,-0.00100000,-0.00830000,-0.00630000,-0.00820000,0.00090000,0.01080000,-0.40669999,-0.14440000,-0.63489997,-0.23240000,-0.08300000,-0.53539997,0.62959999,0.58050001,0.68409997,-0.72570002,0.27810001,-0.05110000,0.05880000,-0.11860000,-0.00010000,-0.03450000,-0.09820000,0.00660000,-0.03390000,0.08030000,-0.00670000,-0.10360000,0.19440000,0.00000000,0.00000000,0.00000000,0.00000000,0.00000000,0.00000000,0.00000000,0.00000000,0.00000000,0.00000000,0.00000000,0.00000000,0.00000000,0.00000000,0.00000000,0.00000000,0.00000000,0.00000000,0.00000000,0.00000000,0.00000000,0.00000000,0.00000000
0.18450637,0.02986221,0.33394465,-0.00082373,-0.01260563,-0.99992025,0.00000000,0.00000000,0.00000000,-0.02300000,-0.01910000,-0.12830000,-0.01210000,-0.01260000,-0.12890001,0.32520002,0.32590002,0.14480001,0.01170000,0.15459999,-0.01260000,-0.02810000,-0.00110000,0.00590000,-0.04730000,-0.01100001,-0.00200000,0.00010000,0.00010000,-0.01640000,-0.00230000,0.00720000,0.55290002,-0.25110000,-0.16320001,0.65120000,0.36140001,0.43799999,0.57599998,0.62169999,0.08960000,-0.53390002,0.53539997,0.52270001,-0.16300000,-0.36129999,-0.12080000,-0.37090001,0.28810000,-0.07730000,0.01030000,-0.01260000,-0.63389999,-0.17120001,-0.54650003,0.00000000,0.00000000,0.00000000,0.00000000,0.00000000,0.00000000,0.00000000,0.00000000,0.00000000,0.00000000,0.00000000,0.00000000,0.00000000,0.00000000,0.00000000,0.00000000,0.00000000,0.00000000,0.00000000,0.00000000,0.00000000,0.00000000,0.00000000
0.60430074,-0.13499768,0.03962648,-0.00118664,-0.00645639,-0.99997848,0.00000000,0.00000000,0.00000000,-0.01080000,-0.01770000,-0.12080000,-0.00100000,-0.01320000,-0.12409998,0.33829999,0.33899999,0.16110000,-0.00250000,0.16030000,0.00040000,-0.03110000,-0.00690000,0.00740000,-0.05870000,-0.00690000,-0.00200000,0.00000000,0.00000000,-0.02700000,-0.00330000,0.00860000,0.63709998,0.35420001,0.59149998,0.33280000,-0.27550000,0.26510000,0.62940001,0.63679999,0.59990001,-0.56510001,-0.10730000,0.64800000,-0.24339999,-0.24360000,0.07980000,-0.62099999,0.16490000,-0.00980000,-0.00360000,-0.00570000,-0.42170000,-0.02800000,0.20490000,0.00000000,0.00000000,0.00000000,0.00000000,0.00000000,0.00000000,0.00000000,0.00000000,0.00000000,0.00000000,0.00000000,0.00000000,0.00000000,0.00000000,0.00000000,0.00000000,0.00000000,0.00000000,0.00000000,0.00000000,0.00000000,0.00000000,0.00000000
0.46897894,-0.27342916,-0.26241234,0.00260978,0.00450849,-0.99998647,0.00000000,0.00000000,0.00000000,-0.00240000,-0.00760000,-0.11200000,0.01170000,-0.02000000,-0.13180001,0.35159999,0.35170001,0.18030001,-0.01380000,0.15100001,0.00110000,-0.03710000,-0.01040000,0.00890000,-0.07110000,-0.00550000,-0.00110000,0.00000000,-0.00160000,-0.03140000,-0.00420000,0.02070000,-0.65079999,0.50330001,0.27050000,0.53090000,0.00540000,-0.57620001,0.60780001,0.58060002,0.28259999,0.31560001,-0.82440001,-0.68419999,-0.14460000,-0.20479999,0.08430000,-0.62410003,0.09280000,0.04500000,-0.00060000,0.20660000,-0.37760001,-0.06580000,0.44440001,0.00000000,0.00000000,0.00000000,0.00000000,0.00000000,0.00000000,0.00000000,0.00000000,0.00000000,0.00000000,0.00000000,0.00000000,0.00000000,0.00000000,0.00000000,0.00000000,0.00000000,0.00000000,0.00000000,0.00000000,0.00000000,0.00000000,0.00000000
0.30877304,-0.14662018,-0.23724478,0.00646181,0.01341709,-0.99988914,0.00000000,0.00000000,0.00000000,0.00510000,-0.00050000,-0.10230000,-0.00130000,-0.01950000,-0.14340000,0.34709996,0.35079998,0.17880000,-0.00990000,0.13820000,-0.01110000,-0.03980000,-0.01480000,0.00960000,-0.07400000,-0.00409999,-0.00160000,-0.00170000,-0.00600000,-0.03270000,-0.00430000,0.01530000,0.66759998,0.49990001,0.54939997,-0.60939997,-0.15120000,-0.60780001,-0.65539998,-0.55809999,-0.58910000,0.24590001,-0.62750000,-0.62959999,-0.19100000,-0.16940001,0.03210000,-0.03440000,0.01340000,-0.01660000,-0.07990000,-0.21240000,-0.06730000,0.04240000,-0.24010000,0.00000000,0.00000000,0.00000000,0.00000000,0.00000000,0.00000000,0.00000000,0.00000000,0.00000000,0.00000000,0.00000000,0.00000000,0.00000000,0.00000000,0.00000000,0.00000000,0.00000000,0.00000000,0.00000000,0.00000000,0.00000000,0.00000000,0.00000000
0.13130659,0.02593832,0.01634155,0.00861358,0.01838703,-0.99979383,0.00000000,0.00000000,0.00000000,0.00730000,0.00300000,-0.09469999,-0.01430000,-0.01730000,-0.15600000,0.33719999,0.33809996,0.17320000,-0.00700000,0.12550001,-0.02380000,-0.03530000,-0.01920000,0.00760000,-0.06460001,0.00000000,-0.00050000,-0.01360000,-0.01720000,-0.02840000,-0.00370000,0.01280000,-0.62669998,-0.08150000,0.55220002,-0.62849998,0.30039999,-0.62339997,-0.62290001,-0.62819999,-0.40079999,0.03110000,-0.62730002,-0.62830001,0.58690000,-0.21430001,-0.16869999,0.61489999,0.35630000,0.19859999,-0.62830001,-0.28889999,0.24450000,0.05660000,0.31040001,0.00000000,0.00000000,0.00000000,0.00000000,0.00000000,0.00000000,0.00000000,0.00000000,0.00000000,0.00000000,0.00000000,0.00000000,0.00000000,0.00000000,0.00000000,0.00000000,0.00000000,0.00000000,0.00000000,0.00000000,0.00000000,0.00000000,0.00000000
0.31466264,0.14637974,-0.04834645,0.00563964,0.02257150,-0.99972934,0.00000000,0.00000000,0.00000000,-0.00450000,0.00030000,-0.08310001,-0.02540001,-0.01210000,-0.15879999,0.32679999,0.32709998,0.16740000,-0.00580000,0.10810000,-0.02030000,-0.02380000,-0.02210000,0.00410000,-0.05310000,0.00610000,0.00330000,-0.02160000,-0.02080000,-0.02400000,-0.00300000,0.01850000,-0.65579998,-0.06470000,0.57749999,-0.63139999,0.07090000,0.62650001,-0.64950001,-0.52929997,-0.03890000,-0.01330000,-0.66180003,0.67040002,0.56910002,-0.01590000,-0.20850000,0.55580002,0.15160000,0.21550000,-0.39649999,-0.30419999,0.22050001,0.02630000,-0.10350000,0.00000000,0.00000000,0.00000000,0.00000000,0.00000000,0.00000000,0.00000000,0.00000000,0.00000000,0.00000000,0.00000000,0.00000000,0.00000000,0.00000000,0.00000000,0.00000000,0.00000000,0.00000000,0.00000000,0.00000000,0.00000000,0.00000000,0.00000000
0.27895576,0.07691275,0.02438878,0.00251502,0.02929804,-0.99956757,0.00000000,0.00000000,0.00000000,-0.01650000,0.00080000,-0.07240000,-0.03130000,-0.01290000,-0.14700000,0.31709999,0.31599998,0.16280000,-0.00410000,0.09670000,-0.00310000,-0.01250000,-0.02210000,0.00060000,-0.04180000,0.00889999,0.00660000,-0.02870000,-0.02570000,-0.01890000,-0.00280000,0.01920000,-0.64569998,0.05680000,0.27790001,0.63590002,-0.10360000,0.46660000,-0.49759999,-0.62239999,-0.59649998,0.15629999,-0.31770000,0.65170002,0.43200001,0.00950000,-0.07970000,0.38200000,0.15549999,0.02350000,-0.15240000,-0.03120000,0.26220000,-0.02370000,0.28169999,0.00000000,0.00000000,0.00000000,0.00000000,0.00000000,0.00000000,0.00000000,0.00000000,0.00000000,0.00000000,0.00000000,0.00000000,0.00000000,0.00000000,0.00000000,0.00000000,0.00000000,0.00000000,0.00000000,0.00000000,0.00000000,0.00000000,0.00000000
-0.27640456,0.00587300,-0.08875289,0.00142155,0.03105283,-0.99951673,0.00000000,0.00000000,0.00000000,-0.02840000,0.00150000,-0.07580000,-0.01920000,-0.01710000,-0.14659999,0.31419998,0.30519998,0.15970001,-0.00270000,0.08810000,0.01390000,-0.00540000,-0.02249999,-0.00090000,-0.03740000,0.01210001,0.00700000,-0.03090000,-0.02620000,-0.01530000,-0.00330000,0.02670000,-0.56770003,-0.04190000,-0.32020000,0.63180000,-0.16040000,-0.26370001,-0.35110000,-0.59630001,-0.64829999,0.05290000,-0.60189998,0.60420001,0.34380001,-0.06440000,-0.07390000,0.11950000,0.20819999,0.02120000,-0.10230000,-0.04840000,0.10810000,-0.02710000,0.44690001,0.00000000,0.00000000,0.00000000,0.00000000,0.00000000,0.00000000,0.00000000,0.00000000,0.00000000,0.00000000,0.00000000,0.00000000,0.00000000,0.00000000,0.00000000,0.00000000,0.00000000,0.00000000,0.00000000,0.00000000,0.00000000,0.00000000,0.00000000
-0.38818046,-0.00496366,-0.20720205,0.00052179,0.02441552,-0.99970180,0.00000000,0.00000000,0.00000000,-0.03400000,0.00060000,-0.08840001,-0.01540000,-0.01990000,-0.15920000,0.31809998,0.30519998,0.15950000,-0.00200000,0.08160000,0.02220000,0.00170000,-0.02350000,-0.00060000,-0.03550000,0.01519999,0.00540000,-0.03080000,-0.02600000,-0.01650000,-0.00320000,0.02920000,0.62860000,-0.05600000,-0.60149997,-0.62629998,-0.05740000,-0.62959999,0.21240000,0.31770000,-0.27230000,0.03690000,0.01890000,0.01480000,0.31740001,-0.04130000,0.05410000,0.15960000,0.10900000,-0.14900000,0.19380000,0.08720000,-0.17290001,0.01790000,-0.52819997,0.00000000,0.00000000,0.00000000,0.00000000,0.00000000,0.00000000,0.00000000,0.00000000,0.00000000,0.00000000,0.00000000,0.00000000,0.00000000,0.00000000,0.00000000,0.00000000,0.00000000,0.00000000,0.00000000,0.00000000,0.00000000,0.00000000,0.00000000
-0.22599719,0.05564945,0.05491604,-0.00047993,0.01863413,-0.99982625,0.00000000,0.00000000,0.00000000,-0.02230000,-0.00130000,-0.10079999,-0.02760001,-0.01950000,-0.17189999,0.32599998,0.31809998,0.15830000,-0.00200000,0.08640000,0.02280000,0.00700000,-0.02519999,0.00030000,-0.02940000,0.01670000,0.00250000,-0.02630000,-0.02310000,-0.02070000,-0.00340000,0.01740000,0.64109999,-0.14460000,-0.59160000,-0.60130000,0.06420000,-0.63319999,0.22730000,0.61799997,-0.36039999,-0.00810000,0.28430000,0.01780000,0.20290001,-0.08400000,0.04340000,0.35720000,0.05190000,-0.13560000,0.16740000,0.17560001,-0.07500000,0.01190000,-0.54210001,0.00000000,0.00000000,0.00000000,0.00000000,0.00000000,0.00000000,0.00000000,0.00000000,0.00000000,0.00000000,0.00000000,0.00000000,0.00000000,0.00000000,0.00000000,0.00000000,0.00000000,0.00000000,0.00000000,0.00000000,0.00000000,0.00000000,0.00000000
-0.20013420,0.04835335,0.16398944,-0.00157205,0.01430958,-0.99989641,0.00000000,0.00000000,0.00000000,-0.01610000,-0.00180000,-0.11360000,-0.03700000,-0.02000000,-0.18440001,0.33809996,0.33190000,0.16339999,-0.00120000,0.09020001,0.02360000,0.01120000,-0.02590001,0.00070000,-0.02250000,0.01550001,0.00040000,-0.02330000,-0.01810000,-0.02430000,-0.00330000,0.01140000,-0.61720002,-0.05380000,-0.63059998,-0.12220000,0.01140000,-0.59320003,0.61549997,0.61150002,-0.06110000,0.11560000,-0.18400000,0.05750000,0.27200001,-0.04150000,0.01150000,0.26769999,-0.07910000,-0.06610000,0.12330000,0.32359999,-0.18080001,-0.00990000,-0.03440000,0.00000000,0.00000000,0.00000000,0.00000000,0.00000000,0.00000000,0.00000000,0.00000000,0.00000000,0.00000000,0.00000000,0.00000000,0.00000000,0.00000000,0.00000000,0.00000000,0.00000000,0.00000000,0.00000000,0.00000000,0.00000000,0.00000000,0.00000000
-0.14812610,0.02174399,0.04394267,-0.00224663,0.01140229,-0.99993247,0.00000000,0.00000000,0.00000000,-0.02330000,-0.00380000,-0.12620001,-0.04130000,-0.02000000,-0.19680001,0.35109997,0.34560001,0.16510001,-0.00300000,0.08910000,0.02370000,0.01700000,-0.02660000,0.00110000,-0.01870000,0.01289999,-0.00090000,-0.02060000,-0.01220000,-0.02690000,-0.00350000,0.00920000,-0.63010001,-0.17270000,-0.63010001,-0.38900000,-0.00070000,-0.59609997,0.58440000,0.63180000,-0.10350000,-0.08030000,0.06870000,0.03940000,0.31510001,-0.01520000,0.03250000,0.09940000,-0.14320000,-0.05560000,0.14470001,0.26670000,-0.14940000,-0.02250000,-0.09200000,0.00000000,0.00000000,0.00000000,0.00000000,0.00000000,0.00000000,0.00000000,0.00000000,0.00000000,0.00000000,0.00000000,0.00000000,0.00000000,0.00000000,0.00000000,0.00000000,0.00000000,0.00000000,0.00000000,0.00000000,0.00000000,0.00000000,0.00000000
-0.14255494,0.02423749,-0.04081334,-0.00274271,0.00832674,-0.99996161,0.00000000,0.00000000,0.00000000,-0.03130000,-0.00720000,-0.13900001,-0.04680000,-0.01980000,-0.20909999,0.36369997,0.35920000,0.16730000,-0.00530000,0.09330000,0.02380000,0.02280000,-0.02680001,0.00170000,-0.01790000,0.00950000,-0.00210000,-0.01740000,-0.00790000,-0.02960000,-0.00370000,0.00600000,-0.63970000,-0.20510000,-0.63209999,-0.63830000,0.00280000,-0.60759997,0.55629998,0.62860000,-0.53450000,-0.03000000,0.01370000,0.05850000,0.27260000,0.00830000,0.02050000,0.05180000,-0.15770000,-0.03780000,0.20299999,0.16769999,-0.19340000,0.01120000,-0.13060001,0.00000000,0.00000000,0.00000000,0.00000000,0.00000000,0.00000000,0.00000000,0.00000000,0.00000000,0.00000000,0.00000000,0.00000000,0.00000000,0.00000000,0.00000000,0.00000000,0.00000000,0.00000000,0.00000000,0.00000000,0.00000000,0.00000000,0.00000000
-0.11155178,0.02549266,-0.00171511,-0.00334706,0.00536219,-0.99998003,0.00000000,0.00000000,0.00000000,-0.03750000,-0.00990000,-0.15159999,-0.05490001,-0.02000000,-0.22179998,0.37659997,0.37259996,0.16970000,-0.00710000,0.09640001,0.02430000,0.02680000,-0.02599999,0.00190000,-0.01750000,0.00569999,-0.00280000,-0.01390000,-0.00520000,-0.03190000,-0.00370000,0.00340000,-0.62690002,-0.15500000,-0.60310000,-0.64539999,-0.02130000,-0.58719999,0.60470003,0.59969997,-0.24349999,-0.03580000,0.07670000,0.03720000,0.18160000,0.07000000,-0.00270000,0.03800000,-0.17710000,-0.02350000,0.17360000,0.12880000,-0.16610000,-0.00980000,-0.02360000,0.00000000,0.00000000,0.00000000,0.00000000,0.00000000,0.00000000,0.00000000,0.00000000,0.00000000,0.00000000,0.00000000,0.00000000,0.00000000,0.00000000,0.00000000,0.00000000,0.00000000,0.00000000,0.00000000,0.00000000,0.00000000,0.00000000,0.00000000
-0.12546472,0.03821078,0.04369897,-0.00383415,0.00254191,-0.99998945,0.00000000,0.00000000,0.00000000,-0.04190000,-0.01260000,-0.16410001,-0.06310000,-0.01990000,-0.23439999,0.38949996,0.38599998,0.17270000,-0.00890000,0.10000001,0.02440000,0.02900000,-0.02440000,0.00180000,-0.01750000,0.00189999,-0.00320000,-0.01100000,-0.00300000,-0.03370000,-0.00380000,0.00140000,-0.54740000,-0.15809999,-0.58859998,-0.63529998,-0.01770000,-0.57999998,0.59719998,0.57429999,-0.18940000,-0.02740000,0.08140000,-0.00610000,0.10330000,0.10120000,-0.01120000,0.00710000,-0.16800000,-0.01310000,0.14190000,0.12740000,-0.14760000,-0.02320000,-0.00380000,0.00000000,0.00000000,0.00000000,0.00000000,0.00000000,0.00000000,0.00000000,0.00000000,0.00000000,0.00000000,0.00000000,0.00000000,0.00000000,0.00000000,0.00000000,0.00000000,0.00000000,0.00000000,0.00000000,0.00000000,0.00000000,0.00000000,0.00000000
-0.12266352,0.02302793,0.06739447,-0.00428110,-0.00019195,-0.99999082,0.00000000,0.00000000,0.00000000,-0.04320000,-0.01530000,-0.17659999,-0.07120000,-0.01990000,-0.24720000,0.40259999,0.39919996,0.17569999,-0.01070000,0.10310000,0.02440000,0.02980000,-0.02230000,0.00160000,-0.01830000,-0.00160000,-0.00350000,-0.00850000,-0.00080000,-0.03530000,-0.00410000,-0.00040000,-0.46640000,-0.16360000,-0.56980002,-0.60670000,-0.03230000,-0.60869998,0.59859997,0.57990003,-0.13020000,-0.02310000,0.10000000,-0.02110000,0.05590000,0.11770000,-0.01440000,-0.02730000,-0.14860000,-0.00190000,0.10110000,0.10210000,-0.10480000,-0.01560000,0.06530000,0.00000000,0.00000000,0.00000000,0.00000000,0.00000000,0.00000000,0.00000000,0.00000000,0.00000000,0.00000000,0.00000000,0.00000000,0.00000000,0.00000000,0.00000000,0.00000000,0.00000000,0.00000000,0.00000000,0.00000000,0.00000000,0.00000000,0.00000000
-0.10355021,0.03122724,0.06059400,-0.00473645,-0.00268430,-0.99998522,0.00000000,0.00000000,0.00000000,-0.04820000,-0.01850000,-0.18900000,-0.07870001,-0.01970000,-0.25999999,0.41549999,0.41229999,0.17860000,-0.01290000,0.10590000,0.02440000,0.03020000,-0.02010000,0.00140000,-0.01930000,-0.00480001,-0.00350000,-0.00680000,0.00000000,-0.03650000,-0.00430000,-0.00100000,-0.61760002,-0.20770000,-0.58980000,-0.64459997,-0.00410000,-0.60829997,0.58910000,0.58789998,-0.20039999,-0.05800000,0.11880000,-0.04520000,0.04140000,0.11230000,-0.01570000,-0.02950000,-0.11350000,0.00660000,0.07660000,0.00060000,-0.08720000,-0.01070000,0.02980000,0.00000000,0.00000000,0.00000000,0.00000000,0.00000000,0.00000000,0.00000000,0.00000000,0.00000000,0.00000000,0.00000000,0.00000000,0.00000000,0.00000000,0.00000000,0.00000000,0.00000000,0.00000000,0.00000000,0.00000000,0.00000000,0.00000000,0.00000000
-0.10415508,-0.01691124,0.03960345,-0.00519997,-0.00488972,-0.99997455,0.00000000,0.00000000,0.00000000,-0.05520000,-0.02000000,-0.20150001,-0.08419999,-0.02000000,-0.27270001,0.42890000,0.42530000,0.18140002,-0.01380000,0.10790001,0.02200000,0.03040000,-0.01750000,0.00110000,-0.02060000,-0.00770000,-0.00340000,-0.00560000,0.00000000,-0.03730000,-0.00450000,-0.00050000,-0.20690000,0.00160000,-0.62210000,-0.47630000,0.02630000,-0.61159998,0.59619999,0.57359999,-0.02160000,0.12809999,0.08790000,-0.34130001,0.00910000,0.13310000,-0.02810000,-0.08540000,-0.11680000,0.00140000,0.03860000,0.00300000,0.01940000,-0.03200000,-0.10830000,0.00000000,0.00000000,0.00000000,0.00000000,0.00000000,0.00000000,0.00000000,0.00000000,0.00000000,0.00000000,0.00000000,0.00000000,0.00000000,0.00000000,0.00000000,0.00000000,0.00000000,0.00000000,0.00000000,0.00000000,0.00000000,0.00000000,0.00000000
-0.07730041,-0.01866605,0.03768481,-0.00478028,-0.00697322,-0.99996430,0.00000000,0.00000000,0.00000000,-0.06060000,-0.02000000,-0.21429999,-0.08720000,-0.02000000,-0.28509998,0.44220001,0.43829995,0.18280001,-0.01250000,0.10950001,0.01640000,0.03030000,-0.01490000,0.00070000,-0.02220000,-0.01000001,-0.00340000,-0.00470000,0.00000000,-0.03790000,-0.00490000,-0.00030000,0.09370000,0.00720000,-0.61809999,-0.24740000,0.03490000,-0.58190000,0.60560000,0.61570001,-0.19000000,0.22510000,-0.10240000,-0.32460001,-0.00030000,0.11460000,-0.00120000,-0.05910000,-0.07470000,0.01040000,0.03370000,-0.00990000,-0.03450000,0.00070000,-0.14080000,0.00000000,0.00000000,0.00000000,0.00000000,0.00000000,0.00000000,0.00000000,0.00000000,0.00000000,0.00000000,0.00000000,0.00000000,0.00000000,0.00000000,0.00000000,0.00000000,0.00000000,0.00000000,0.00000000,0.00000000,0.00000000,0.00000000,0.00000000
-0.09474593,-0.02203602,0.06806795,-0.00424371,-0.00887525,-0.99995160,0.00000000,0.00000000,0.00000000,-0.05650000,-0.02000000,-0.22620000,-0.08920000,-0.02000000,-0.29680002,0.45400000,0.44989997,0.18510000,-0.01350000,0.11059999,0.01020000,0.02990000,-0.01230000,0.00070000,-0.02300000,-0.01189999,-0.00310000,-0.00450000,-0.00060000,-0.03760000,-0.00480000,-0.00120000,0.37380001,0.00630000,-0.46410000,0.22620000,0.02110000,-0.55260003,0.10110000,0.12500000,-0.08130000,-0.08720000,-0.21330000,-0.18179999,-0.04890000,0.11680000,-0.00860000,-0.05860000,-0.05730000,0.01390000,-0.05620000,-0.08490000,0.23420000,-0.01380000,0.02200000,0.00000000,0.00000000,0.00000000,0.00000000,0.00000000,0.00000000,0.00000000,0.00000000,0.00000000,0.00000000,0.00000000,0.00000000,0.00000000,0.00000000,0.00000000,0.00000000,0.00000000,0.00000000,0.00000000,0.00000000,0.00000000,0.00000000,0.00000000
-0.36105445,-0.02934460,0.06153567,-0.00369252,-0.01325414,-0.99990535,0.00000000,0.00000000,0.00000000,-0.04910000,-0.02000000,-0.23720001,-0.07940000,-0.01990000,-0.30540001,0.45469999,0.44739997,0.18380000,-0.01430000,0.10619999,0.01150000,0.02840000,-0.00990000,0.00070000,-0.02430000,-0.01340000,-0.00280000,-0.00560000,-0.00230000,-0.03590000,-0.00480000,-0.00150000,0.58490002,0.00060000,-0.09800000,0.43849999,0.06220000,0.00000000,-0.62730002,-0.61960000,-0.28310001,-0.03150000,-0.44150001,-0.00170000,-0.03910000,0.10640000,0.01280000,-0.00090000,-0.07670000,0.01350000,0.00880000,-0.01580000,-0.09270000,-0.02260000,-0.23559999,0.00000000,0.00000000,0.00000000,0.00000000,0.00000000,0.00000000,0.00000000,0.00000000,0.00000000,0.00000000,0.00000000,0.00000000,0.00000000,0.00000000,0.00000000,0.00000000,0.00000000,0.00000000,0.00000000,0.00000000,0.00000000,0.00000000,0.00000000
-0.02669977,0.05108379,0.12673371,-0.00384510,-0.01796956,-0.99983120,0.00000000,0.00000000,0.00000000,-0.03740000,-0.02000000,-0.23630001,-0.06810001,-0.01730000,-0.29890001,0.44430000,0.43519998,0.17729999,-0.01320000,0.10450000,0.01940000,0.02880000,-0.00810000,0.00090000,-0.02230000,-0.01459999,-0.00260000,-0.00450000,-0.00140000,-0.03810000,-0.00500000,-0.00650000,0.63559997,0.00180000,0.36739999,0.57429999,0.19130000,0.49370000,-0.64160001,-0.60750002,-0.32229999,0.05110000,-0.16599999,0.39890000,0.08020000,0.07780000,0.00940000,0.17160000,-0.01030000,0.01470000,0.06510000,0.07940000,-0.07020000,0.00520000,-0.11660000,0.00000000,0.00000000,0.00000000,0.00000000,0.00000000,0.00000000,0.00000000,0.00000000,0.00000000,0.00000000,0.00000000,0.00000000,0.00000000,0.00000000,0.00000000,0.00000000,0.00000000,0.00000000,0.00000000,0.00000000,0.00000000,0.00000000,0.00000000
0.18061340,-0.01940028,0.04040875,-0.00448457,-0.01731257,-0.99984008,0.00000000,0.00000000,0.00000000,-0.02590000,-0.01720000,-0.22559999,-0.05900000,-0.01560000,-0.28829998,0.43339998,0.42420000,0.17189999,-0.01100000,0.10110000,0.01820000,0.03070000,-0.00660001,0.00110000,-0.01950000,-0.01570000,-0.00290000,-0.00130000,0.00000000,-0.04100000,-0.00510000,-0.00410000,0.46140000,0.09870000,0.63209999,0.65990001,0.13140000,0.64440000,-0.63489997,-0.66219997,-0.45109999,0.11250000,-0.18220000,-0.09090000,0.10750000,0.04980000,0.00660000,0.07050000,-0.02540000,-0.01770000,0.15580000,0.00020000,-0.04790000,-0.05030000,0.10430000,0.00000000,0.00000000,0.00000000,0.00000000,0.00000000,0.00000000,0.00000000,0.00000000,0.00000000,0.00000000,0.00000000,0.00000000,0.00000000,0.00000000,0.00000000,0.00000000,0.00000000,0.00000000,0.00000000,0.00000000,0.00000000,0.00000000,0.00000000
0.19665985,-0.02148598,-0.05241537,-0.00404794,-0.01383700,-0.99989611,0.00000000,0.00000000,0.00000000,-0.01500000,-0.01440000,-0.21429999,-0.04890001,-0.01430000,-0.27689999,0.42309999,0.41279995,0.16960000,-0.00950000,0.09750000,0.01700000,0.03260000,-0.00620000,0.00160000,-0.01930000,-0.01620001,-0.00340000,0.00000000,0.00000000,-0.04260000,-0.00520000,-0.00380000,0.44459999,0.07120000,0.62639999,0.66100001,0.13600001,0.64539999,-0.63330001,-0.66500002,-0.51450002,0.11670000,-0.20150000,-0.09640000,0.08680000,-0.01650000,0.02040000,-0.03200000,0.01790000,-0.02560000,-0.00260000,-0.00040000,-0.08260000,-0.03840000,-0.01690000,0.00000000,0.00000000,0.00000000,0.00000000,0.00000000,0.00000000,0.00000000,0.00000000,0.00000000,0.00000000,0.00000000,0.00000000,0.00000000,0.00000000,0.00000000,0.00000000,0.00000000,0.00000000,0.00000000,0.00000000,0.00000000,0.00000000,0.00000000
0.19549823,-0.01492878,-0.02109136,-0.00365949,-0.01018297,-0.99994147,0.00000000,0.00000000,0.00000000,-0.00390000,-0.01220000,-0.20330001,-0.03880000,-0.01280000,-0.26569998,0.41289997,0.40169996,0.16710000,-0.00830000,0.09380001,0.01580000,0.03310000,-0.00669999,0.00210000,-0.01920000,-0.01600000,-0.00340000,0.00000000,-0.00030000,-0.04370000,-0.00520000,-0.00460000,0.61189997,0.08770000,0.63010001,0.59429997,0.11560000,0.63459998,-0.61549997,-0.64520001,-0.19710000,0.03660000,-0.19550000,-0.09350000,-0.00390000,-0.03050000,0.02740000,0.02990000,0.04160000,0.00270000,0.00020000,-0.00050000,-0.04340000,-0.00020000,-0.04820000,0.00000000,0.00000000,0.00000000,0.00000000,0.00000000,0.00000000,0.00000000,0.00000000,0.00000000,0.00000000,0.00000000,0.00000000,0.00000000,0.00000000,0.00000000,0.00000000,0.00000000,0.00000000,0.00000000,0.00000000,0.00000000,0.00000000,0.00000000
0.18329971,-0.01327051,0.02331528,-0.00332226,-0.00662482,-0.99997258,0.00000000,0.00000000,0.00000000,0.00770000,-0.01020000,-0.19230001,-0.02800000,-0.01080000,-0.25449997,0.40239996,0.39059997,0.16600001,-0.00700000,0.09100001,0.01420000,0.03250000,-0.00759999,0.00270000,-0.01780000,-0.01510000,-0.00290000,0.00000000,-0.00080000,-0.04420000,-0.00510000,-0.00500000,0.63110000,0.09380000,0.63020003,0.60820001,0.13959999,0.62650001,-0.63069999,-0.63279998,-0.16530000,0.06500000,-0.23520000,-0.12950000,-0.02950000,-0.04210000,0.02380000,0.09930000,0.07170000,0.02180000,-0.00030000,-0.00790000,-0.02650000,0.00210000,-0.01810000,0.00000000,0.00000000,0.00000000,0.00000000,0.00000000,0.00000000,0.00000000,0.00000000,0.00000000,0.00000000,0.00000000,0.00000000,0.00000000,0.00000000,0.00000000,0.00000000,0.00000000,0.00000000,0.00000000,0.00000000,0.00000000,0.00000000,0.00000000
0.16627607,-0.01162532,0.03468389,-0.00303491,-0.00305056,-0.99999076,0.00000000,0.00000000,0.00000000,0.01940000,-0.00800000,-0.18120001,-0.01710000,-0.00860000,-0.24299999,0.39179999,0.37959999,0.16460000,-0.00560000,0.08980000,0.01230000,0.03220000,-0.00860000,0.00310000,-0.01550000,-0.01369999,-0.00230000,-0.00030000,-0.00090000,-0.04450000,-0.00500000,-0.00470000,0.63239998,0.12620001,0.63150001,0.63499999,0.11660000,0.63139999,-0.62989998,-0.62140000,0.17060000,0.10010000,0.14370000,-0.10670000,-0.00920000,-0.04200000,0.01870000,0.11580000,0.08970000,0.02990000,-0.01950000,-0.00210000,0.02590000,0.00810000,0.01860000,0.00000000,0.00000000,0.00000000,0.00000000,0.00000000,0.00000000,0.00000000,0.00000000,0.00000000,0.00000000,0.00000000,0.00000000,0.00000000,0.00000000,0.00000000,0.00000000,0.00000000,0.00000000,0.00000000,0.00000000,0.00000000,0.00000000,0.00000000
-0.33986712,0.01610094,0.01506826,-0.00278537,-0.00243094,-0.99999321,0.00000000,0.00000000,0.00000000,0.02900000,-0.00730000,-0.18980001,-0.00610000,-0.00770000,-0.24990000,0.39379996,0.38059998,0.16130000,-0.00470000,0.09260000,0.01110000,0.02950000,-0.00929999,0.00370000,-0.01650000,-0.01140000,-0.00170000,-0.00320000,-0.00300000,-0.03930000,-0.00480000,-0.00500000,0.60930002,0.02370000,-0.61760002,0.62410003,0.05810000,-0.60560000,0.04990000,-0.06160000,-0.07810000,0.04630000,-0.28430000,-0.05550000,-0.17110001,-0.03490000,0.03300000,-0.10800000,0.12920000,0.02920000,-0.14330000,-0.11160000,0.16900000,0.00870000,-0.02790000,0.00000000,0.00000000,0.00000000,0.00000000,0.00000000,0.00000000,0.00000000,0.00000000,0.00000000,0.00000000,0.00000000,0.00000000,0.00000000,0.00000000,0.00000000,0.00000000,0.00000000,0.00000000,0.00000000,0.00000000,0.00000000,0.00000000,0.00000000
-0.30664411,0.06862526,0.01289858,-0.00316222,-0.00820236,-0.99996138,0.00000000,0.00000000,0.00000000,0.02310000,-0.01010000,-0.20169999,-0.01090000,-0.00650000,-0.26239997,0.39519995,0.38330001,0.15700001,-0.00600000,0.08840001,0.01050000,0.03090000,-0.01060000,0.00450000,-0.01380000,-0.00839999,-0.00050000,-0.00830000,-0.00780000,-0.03710000,-0.00420000,-0.00480000,-0.36010000,-0.19700000,-0.60530001,-0.55930001,0.05300000,-0.61960000,-0.13240001,-0.00170000,-0.30770001,-0.10690000,-0.25839999,-0.00110000,0.20320000,-0.06090000,0.04150000,0.27350000,0.17309999,0.06900000,-0.33340001,-0.31920001,0.33469999,0.03640000,-0.07540000,0.00000000,0.00000000,0.00000000,0.00000000,0.00000000,0.00000000,0.00000000,0.00000000,0.00000000,0.00000000,0.00000000,0.00000000,0.00000000,0.00000000,0.00000000,0.00000000,0.00000000,0.00000000,0.00000000,0.00000000,0.00000000,0.00000000,0.00000000
-0.12428752,0.02584487,-0.00288339,-0.00439859,-0.01335665,-0.99990112,0.00000000,0.00000000,0.00000000,0.01180000,-0.01330000,-0.21389998,-0.02210000,-0.00610000,-0.27530003,0.40380001,0.39330000,0.15630001,-0.00720000,0.08910000,0.01070000,0.03530000,-0.01109999,0.00530000,-0.00840000,-0.00560001,0.00010000,-0.00870000,-0.00770000,-0.03680000,-0.00370000,-0.00500000,-0.27970001,-0.08910000,-0.61849999,-0.55669999,-0.01650000,-0.62250000,0.63349998,0.60189998,0.16509999,-0.05270000,0.11950000,0.01390000,0.19509999,0.03370000,0.03000000,0.22130001,0.11310000,0.01610000,0.11010000,0.13360000,0.07940000,-0.02820000,-0.10050000,0.00000000,0.00000000,0.00000000,0.00000000,0.00000000,0.00000000,0.00000000,0.00000000,0.00000000,0.00000000,0.00000000,0.00000000,0.00000000,0.00000000,0.00000000,0.00000000,0.00000000,0.00000000,0.00000000,0.00000000,0.00000000,0.00000000,0.00000000
-0.10299277,0.02010015,-0.04153687,-0.00484181,-0.01527531,-0.99987161,0.00000000,0.00000000,0.00000000,0.00150000,-0.01600000,-0.22629999,-0.03290000,-0.00660000,-0.28799999,0.41700000,0.40669996,0.15549999,-0.00970000,0.09160000,0.01120000,0.03730000,-0.01080000,0.00550000,-0.00670000,-0.00409999,-0.00010000,-0.00400000,-0.00230000,-0.03810000,-0.00450000,-0.00410000,-0.56500000,-0.17370000,-0.58600003,-0.57920003,-0.03300000,-0.60519999,0.62879997,0.62739998,-0.06970000,-0.09680000,0.11100000,0.01110000,0.01130000,0.01630000,0.00290000,-0.04820000,0.06140000,-0.02630000,0.27669999,0.31189999,-0.07230000,-0.02720000,0.04670000,0.00000000,0.00000000,0.00000000,0.00000000,0.00000000,0.00000000,0.00000000,0.00000000,0.00000000,0.00000000,0.00000000,0.00000000,0.00000000,0.00000000,0.00000000,0.00000000,0.00000000,0.00000000,0.00000000,0.00000000,0.00000000,0.00000000,0.00000000
-0.08333252,0.02293632,-0.04078814,-0.00513326,-0.01705681,-0.99984139,0.00000000,0.00000000,0.00000000,-0.00960000,-0.01930000,-0.23860000,-0.04410000,-0.00750000,-0.30089998,0.43030000,0.41999996,0.15899999,-0.01310000,0.09390000,0.01200000,0.03720000,-0.01060000,0.00510000,-0.00670000,-0.00430000,-0.00050000,-0.00100000,0.00000000,-0.03880000,-0.00450000,-0.00360000,-0.62239999,-0.17950000,-0.61989999,-0.64639997,-0.06220000,-0.62220001,0.62379998,0.58649999,0.09530000,-0.12740000,0.08160000,0.07380000,-0.03650000,0.01830000,-0.02110000,0.01410000,-0.04720000,-0.01140000,0.10910000,0.00110000,0.02440000,-0.04980000,0.03420000,0.00000000,0.00000000,0.00000000,0.00000000,0.00000000,0.00000000,0.00000000,0.00000000,0.00000000,0.00000000,0.00000000,0.00000000,0.00000000,0.00000000,0.00000000,0.00000000,0.00000000,0.00000000,0.00000000,0.00000000,0.00000000,0.00000000,0.00000000
-0.07698923,0.00836747,-0.05080990,-0.00547176,-0.01881677,-0.99980795,0.00000000,0.00000000,0.00000000,-0.02000000,-0.02000000,-0.25059998,-0.05530000,-0.01020000,-0.31379998,0.44389999,0.43269998,0.16220000,-0.01320000,0.09670000,0.01350000,0.03660000,-0.00960000,0.00440000,-0.00670000,-0.00680000,-0.00040000,0.00000000,0.00000000,-0.03870000,-0.00470000,0.00080000,-0.62459999,0.00410000,-0.62379998,-0.61430001,-0.16220000,-0.62930000,0.60570002,0.63120002,0.07870000,0.02780000,0.21840000,-0.01630000,-0.02260000,0.08940000,-0.03850000,-0.00940000,-0.15750000,0.01430000,0.00200000,0.00110000,0.04500000,-0.00930000,0.14900000,0.00000000,0.00000000,0.00000000,0.00000000,0.00000000,0.00000000,0.00000000,0.00000000,0.00000000,0.00000000,0.00000000,0.00000000,0.00000000,0.00000000,0.00000000,0.00000000,0.00000000,0.00000000,0.00000000,0.00000000,0.00000000,0.00000000,0.00000000
-0.05922594,0.03271013,-0.04228858,-0.00561376,-0.02053602,-0.99977338,0.00000000,0.00000000,0.00000000,-0.03100000,-0.01990000,-0.26260000,-0.06670000,-0.01310000,-0.32690001,0.45769995,0.44559997,0.16540000,-0.01240000,0.09750000,0.01490000,0.03590000,-0.00810000,0.00350000,-0.00640000,-0.00980000,-0.00020000,0.00000000,-0.00020000,-0.03790000,-0.00480000,0.00460000,-0.63940001,0.00470000,-0.62269998,-0.62169999,-0.15170000,-0.62919998,0.58850002,0.63249999,0.06350000,0.04630000,0.07550000,0.00840000,-0.04460000,0.08860000,-0.04910000,0.02500000,-0.12710001,0.01580000,0.00220000,-0.00470000,0.07540000,-0.01380000,0.04730000,0.00000000,0.00000000,0.00000000,0.00000000,0.00000000,0.00000000,0.00000000,0.00000000,0.00000000,0.00000000,0.00000000,0.00000000,0.00000000,0.00000000,0.00000000,0.00000000,0.00000000,0.00000000,0.00000000,0.00000000,0.00000000,0.00000000,0.00000000
-0.06193694,0.05114670,-0.01397201,-0.00621324,-0.02218989,-0.99973446,0.00000000,0.00000000,0.00000000,-0.04230000,-0.02000000,-0.27469999,-0.07800001,-0.01660000,-0.33990002,0.47130001,0.45859998,0.16820000,-0.01110000,0.09890001,0.01990000,0.03490000,-0.00700000,0.00270000,-0.00530000,-0.01140000,0.00000000,0.00000000,-0.00060000,-0.03690000,-0.00500000,0.00760000,-0.60640001,0.00030000,-0.62500000,-0.61790001,-0.18470000,-0.62269998,0.62910002,0.62870002,0.09160000,0.04150000,0.11260000,0.16170000,-0.05510000,0.05980000,-0.03860000,0.07380000,-0.03230000,0.00710000,-0.00350000,-0.00830000,0.08740000,-0.01620000,0.07380000,0.00000000,0.00000000,0.00000000,0.00000000,0.00000000,0.00000000,0.00000000,0.00000000,0.00000000,0.00000000,0.00000000,0.00000000,0.00000000,0.00000000,0.00000000,0.00000000,0.00000000,0.00000000,0.00000000,0.00000000,0.00000000,0.00000000,0.00000000
-0.06827821,0.01860527,-0.00689263,-0.00677312,-0.02386302,-0.99969232,0.00000000,0.00000000,0.00000000,-0.05310000,-0.02000000,-0.28700000,-0.08880000,-0.02000000,-0.35270000,0.48460001,0.47179997,0.17110001,-0.01070000,0.10100000,0.02280000,0.03380000,-0.00660001,0.00210000,-0.00380000,-0.01120000,-0.00020000,0.00000000,-0.00040000,-0.03610000,-0.00520000,0.01050000,-0.60290003,0.00230000,-0.62989998,-0.57319999,0.03780000,-0.61199999,0.63929999,0.62669998,-0.07810000,0.20790000,0.02000000,-0.03940000,-0.03130000,-0.02430000,-0.02450000,0.07280000,0.09660000,-0.00180000,0.01480000,0.03960000,-0.00620000,-0.02510000,0.00970000,0.00000000,0.00000000,0.00000000,0.00000000,0.00000000,0.00000000,0.00000000,0.00000000,0.00000000,0.00000000,0.00000000,0.00000000,0.00000000,0.00000000,0.00000000,0.00000000,0.00000000,0.00000000,0.00000000,0.00000000,0.00000000,0.00000000,0.00000000
-0.06255142,0.05214795,-0.00309459,-0.00747250,-0.02512910,-0.99965632,0.00000000,0.00000000,0.00000000,-0.06400000,-0.02000000,-0.29909998,-0.09780000,-0.02000000,-0.36540002,0.49790001,0.48509997,0.17150001,-0.00620000,0.10330001,0.02170000,0.03270000,-0.00780000,0.00170000,-0.00250000,-0.00880000,-0.00050000,0.00000000,0.00000000,-0.03590000,-0.00510000,0.01090000,-0.65319997,0.00780000,-0.61860001,-0.62620002,0.00750000,-0.62959999,0.51349998,0.59789997,-0.35749999,0.21210000,0.12850000,-0.20050000,-0.08190000,-0.07130000,-0.01740000,0.05750000,0.16300000,-0.01970000,-0.00030000,0.00100000,0.06650000,-0.00550000,-0.10950000,0.00000000,0.00000000,0.00000000,0.00000000,0.00000000,0.00000000,0.00000000,0.00000000,0.00000000,0.00000000,0.00000000,0.00000000,0.00000000,0.00000000,0.00000000,0.00000000,0.00000000,0.00000000,0.00000000,0.00000000,0.00000000,0.00000000,0.00000000
-0.22452958,0.02766673,-0.04260510,-0.00834500,-0.02700312,-0.99960053,0.00000000,0.00000000,0.00000000,-0.06020001,-0.01990000,-0.30070001,-0.08750001,-0.02000000,-0.36930001,0.49119997,0.47850001,0.16940001,-0.00750000,0.09470001,0.02340000,0.03040000,-0.01010001,0.00130000,-0.00270000,-0.00630000,-0.00110000,-0.00030000,-0.00040000,-0.03450000,-0.00480000,0.01490000,0.51520002,0.06520000,-0.08590000,0.60000002,0.02000000,-0.05060000,-0.62989998,-0.60759997,-0.39700001,0.08500000,0.02390000,-0.02570000,-0.14610000,-0.10110000,-0.01860000,-0.06040000,0.11710000,-0.02950000,-0.02320000,-0.04430000,0.13540000,0.01970000,0.00490000,0.00000000,0.00000000,0.00000000,0.00000000,0.00000000,0.00000000,0.00000000,0.00000000,0.00000000,0.00000000,0.00000000,0.00000000,0.00000000,0.00000000,0.00000000,0.00000000,0.00000000,0.00000000,0.00000000,0.00000000,0.00000000,0.00000000,0.00000000
0.00659661,0.01647889,-0.03031020,-0.00880509,-0.03102184,-0.99947995,0.00000000,0.00000000,0.00000000,-0.04870000,-0.01820000,-0.29689997,-0.07720000,-0.01910000,-0.36580002,0.48009998,0.46700001,0.16690001,-0.00430000,0.08980000,0.02290000,0.02900000,-0.01240000,0.00120000,-0.00140000,-0.00399999,-0.00190000,0.00000000,-0.00040000,-0.03670000,-0.00470000,0.01460000,0.58730000,0.05270000,0.57249999,0.54329997,0.07150000,0.50180000,-0.61100000,-0.63340002,0.03400000,0.08330000,-0.19620000,-0.02240000,0.04250000,-0.10830000,-0.00370000,0.16949999,0.12729999,-0.03930000,-0.00040000,0.04830000,-0.16020000,-0.01060000,0.02350000,0.00000000,0.00000000,0.00000000,0.00000000,0.00000000,0.00000000,0.00000000,0.00000000,0.00000000,0.00000000,0.00000000,0.00000000,0.00000000,0.00000000,0.00000000,0.00000000,0.00000000,0.00000000,0.00000000,0.00000000,0.00000000,0.00000000,0.00000000
0.17778821,-0.01941356,-0.01954016,-0.00873206,-0.02990766,-0.99951452,0.00000000,0.00000000,0.00000000,-0.03760000,-0.01580000,-0.28570002,-0.06720001,-0.01830000,-0.35439998,0.46869999,0.45550001,0.16130000,-0.00490000,0.08660001,0.02250000,0.02870000,-0.01450001,0.00130000,0.00180000,-0.00229999,-0.00260000,0.00000000,0.00000000,-0.03950000,-0.00500000,0.01530000,0.55690002,0.13720000,0.63099998,0.59950000,0.09930000,0.63050002,-0.62529999,-0.63150001,-0.17180000,0.08300000,-0.18330000,-0.05880000,-0.08200000,-0.11040000,0.00320000,0.10660000,0.09680000,-0.03270000,0.00060000,0.00120000,-0.04280000,-0.03050000,0.02420000,0.00000000,0.00000000,0.00000000,0.00000000,0.00000000,0.00000000,0.00000000,0.00000000,0.00000000,0.00000000,0.00000000,0.00000000,0.00000000,0.00000000,0.00000000,0.00000000,0.00000000,0.00000000,0.00000000,0.00000000,0.00000000,0.00000000,0.00000000
0.18781926,-0.02215905,-0.00312585,-0.00825590,-0.02641699,-0.99961692,0.00000000,0.00000000,0.00000000,-0.02630000,-0.01230000,-0.27469999,-0.05670001,-0.01660000,-0.34280002,0.45779997,0.44400001,0.15810001,-0.00270000,0.08310001,0.02140000,0.02620000,-0.01670000,0.00200000,0.00360000,-0.00110000,-0.00290000,0.00000000,0.00000000,-0.04090000,-0.00500000,0.01430000,0.49939999,0.15500000,0.62050003,0.63260001,0.10750000,0.63279998,-0.63410002,-0.63700002,-0.17590000,0.06060000,-0.18279999,-0.04960000,-0.14929999,-0.10580000,0.03140000,0.07680000,0.05990000,-0.01410000,-0.00080000,-0.00080000,-0.05740000,-0.02720000,-0.01460000,0.00000000,0.00000000,0.00000000,0.00000000,0.00000000,0.00000000,0.00000000,0.00000000,0.00000000,0.00000000,0.00000000,0.00000000,0.00000000,0.00000000,0.00000000,0.00000000,0.00000000,0.00000000,0.00000000,0.00000000,0.00000000,0.00000000,0.00000000
0.17654790,-0.01828876,0.00769219,-0.00770838,-0.02288015,-0.99970853,0.00000000,0.00000000,0.00000000,-0.01480000,-0.00880000,-0.26380002,-0.04590000,-0.01480000,-0.33109999,0.44690001,0.43250000,0.15470000,-0.00050000,0.07970001,0.02000000,0.02320000,-0.01870000,0.00280000,0.00480000,-0.00040001,-0.00260000,-0.00010000,0.00000000,-0.04180000,-0.00480000,0.01280000,0.54369998,0.15530001,0.61699998,0.63440001,0.10860000,0.63370001,-0.63080001,-0.63290000,-0.17770000,0.06780000,-0.17430000,-0.06120000,-0.12650000,-0.08220000,0.03710000,0.06990000,0.04690000,0.02630000,-0.01790000,-0.00060000,-0.03210000,-0.00680000,-0.03330000,0.00000000,0.00000000,0.00000000,0.00000000,0.00000000,0.00000000,0.00000000,0.00000000,0.00000000,0.00000000,0.00000000,0.00000000,0.00000000,0.00000000,0.00000000,0.00000000,0.00000000,0.00000000,0.00000000,0.00000000,0.00000000,0.00000000,0.00000000
0.17219155,-0.01763937,0.00690908,-0.00719646,-0.01936409,-0.99978662,0.00000000,0.00000000,0.00000000,-0.00330000,-0.00540000,-0.25279999,-0.03510000,-0.01310000,-0.31940001,0.43599999,0.42100000,0.15140000,0.00170000,0.07630000,0.01860000,0.02080000,-0.02020000,0.00350000,0.00610000,0.00020000,-0.00210000,-0.00060000,0.00000000,-0.04250000,-0.00450000,0.01130000,0.53549999,0.16280000,0.62390000,0.63650000,0.10380000,0.63489997,-0.62669998,-0.62900001,-0.16710000,0.10730000,-0.16859999,-0.06640000,-0.08860000,-0.05540000,0.03160000,0.06680000,0.04020000,0.03500000,-0.02200000,-0.00050000,-0.03200000,-0.00840000,-0.02530000,0.00000000,0.00000000,0.00000000,0.00000000,0.00000000,0.00000000,0.00000000,0.00000000,0.00000000,0.00000000,0.00000000,0.00000000,0.00000000,0.00000000,0.00000000,0.00000000,0.00000000,0.00000000,0.00000000,0.00000000,0.00000000,0.00000000,0.00000000
0.16953234,-0.01709567,0.00035452,-0.00670707,-0.01585763,-0.99985176,0.00000000,0.00000000,0.00000000,0.00840000,-0.00220000,-0.24170001,-0.02430000,-0.01130000,-0.30769998,0.42509997,0.40950000,0.14830001,0.00380000,0.07290000,0.01710000,0.01930000,-0.02120000,0.00410000,0.00730000,0.00070000,-0.00150000,-0.00090000,0.00000000,-0.04330000,-0.00420000,0.01000000,0.55980003,0.14520000,0.62290001,0.62370002,0.10210000,0.63429999,-0.62809998,-0.63489997,-0.16190000,0.07450000,-0.16940001,-0.06910000,-0.06020000,-0.03230000,0.02990000,0.06290000,0.03840000,0.03180000,-0.01290000,0.00010000,-0.02870000,-0.00870000,-0.03700000,0.00000000,0.00000000,0.00000000,0.00000000,0.00000000,0.00000000,0.00000000,0.00000000,0.00000000,0.00000000,0.00000000,0.00000000,0.00000000,0.00000000,0.00000000,0.00000000,0.00000000,0.00000000,0.00000000,0.00000000,0.00000000,0.00000000,0.00000000
0.16736925,-0.01644943,0.00010495,-0.00623705,-0.01239595,-0.99990374,0.00000000,0.00000000,0.00000000,0.02000000,0.00080000,-0.23050000,-0.01350001,-0.00960000,-0.29600000,0.41429996,0.39800000,0.14520000,0.00590000,0.06960000,0.01550000,0.01820000,-0.02169999,0.00470000,0.00840000,0.00110000,-0.00080000,-0.00100000,0.00000000,-0.04410000,-0.00400000,0.00860000,0.61549997,0.15290000,0.62660003,0.62110001,0.09750000,0.63569999,-0.61400002,-0.62989998,-0.16580001,0.10900000,-0.16859999,-0.07280000,-0.03770000,-0.01310000,0.02380000,0.05260000,0.02890000,0.03800000,-0.00430000,-0.00130000,-0.03130000,-0.01070000,-0.04700000,0.00000000,0.00000000,0.00000000,0.00000000,0.00000000,0.00000000,0.00000000,0.00000000,0.00000000,0.00000000,0.00000000,0.00000000,0.00000000,0.00000000,0.00000000,0.00000000,0.00000000,0.00000000,0.00000000,0.00000000,0.00000000,0.00000000,0.00000000
0.16540074,-0.01603214,-0.00140414,-0.00575708,-0.00892055,-0.99994367,0.00000000,0.00000000,0.00000000,0.03100000,0.00360000,-0.22019999,-0.00250001,-0.00810000,-0.28500003,0.40399998,0.38690001,0.14210001,0.00780000,0.06620000,0.01400000,0.01740000,-0.02200000,0.00520000,0.00920000,0.00130001,0.00000000,-0.00130000,-0.00010000,-0.04420000,-0.00370000,0.00740000,0.64109999,0.14060000,0.41909999,0.62000000,0.06480000,0.47950000,-0.57550001,-0.64170003,-0.15279999,0.09320000,-0.15809999,-0.07800000,-0.05480000,0.00710000,0.02980000,-0.00230000,0.00730000,0.03330000,-0.06660000,-0.04050000,0.13540000,0.00430000,-0.09980000,0.00000000,0.00000000,0.00000000,0.00000000,0.00000000,0.00000000,0.00000000,0.00000000,0.00000000,0.00000000,0.00000000,0.00000000,0.00000000,0.00000000,0.00000000,0.00000000,0.00000000,0.00000000,0.00000000,0.00000000,0.00000000,0.00000000,0.00000000
-0.17590202,-0.02776194,0.01486132,-0.00508492,-0.00793035,-0.99995565,0.00000000,0.00000000,0.00000000,0.03940000,0.00550000,-0.22080000,0.00860000,-0.00750000,-0.28259999,0.39709997,0.37629998,0.13680001,0.00880000,0.06020001,0.01260000,0.01510000,-0.02180000,0.00580000,0.00780000,0.00119999,0.00060000,-0.00320000,-0.00140000,-0.04120000,-0.00330000,0.00550000,0.61400002,0.06700000,-0.12440000,0.61760002,0.06040000,0.00610000,-0.49239999,-0.65640002,-0.12680000,-0.00010000,-0.33739999,-0.08150000,-0.16470000,0.01020000,0.02940000,-0.10840000,0.00320000,0.03000000,-0.10280000,-0.07520000,0.13840000,-0.00890000,-0.20190001,0.00000000,0.00000000,0.00000000,0.00000000,0.00000000,0.00000000,0.00000000,0.00000000,0.00000000,0.00000000,0.00000000,0.00000000,0.00000000,0.00000000,0.00000000,0.00000000,0.00000000,0.00000000,0.00000000,0.00000000,0.00000000,0.00000000,0.00000000
-0.21166366,0.01901313,0.01347845,-0.00490977,-0.01205122,-0.99991536,0.00000000,0.00000000,0.00000000,0.02790000,0.00340000,-0.23300000,-0.00200000,-0.00810000,-0.29439998,0.40349996,0.38010001,0.13680001,0.00840000,0.05620000,0.01310000,0.01500000,-0.02180000,0.00650000,0.00840000,0.00209999,0.00140000,-0.00650000,-0.00420000,-0.03950000,-0.00280000,0.00650000,-0.57359999,-0.08530000,-0.62019998,-0.61979997,-0.04070000,-0.61790001,0.41360000,0.29660001,-0.09230000,-0.09700000,-0.12670000,0.02950000,0.08650000,0.02690000,0.03780000,0.09420000,0.04250000,0.03870000,-0.14309999,-0.12110000,0.10930000,0.02780000,0.06990000,0.00000000,0.00000000,0.00000000,0.00000000,0.00000000,0.00000000,0.00000000,0.00000000,0.00000000,0.00000000,0.00000000,0.00000000,0.00000000,0.00000000,0.00000000,0.00000000,0.00000000,0.00000000,0.00000000,0.00000000,0.00000000,0.00000000,0.00000000
-0.10026579,0.02498258,-0.04435163,-0.00505064,-0.01488813,-0.99987644,0.00000000,0.00000000,0.00000000,0.01690000,0.00130000,-0.24560000,-0.01320000,-0.00910000,-0.30720001,0.41689998,0.39330000,0.13789999,0.00590000,0.05870000,0.01380000,0.01670000,-0.02090000,0.00720000,0.00880000,0.00209999,0.00200000,-0.00580000,-0.00280000,-0.03970000,-0.00280000,0.00810000,-0.48539999,-0.13290000,-0.60799998,-0.64719999,-0.04270000,-0.62290001,0.63059998,0.59630001,0.12380000,-0.08550000,0.06090000,0.04280000,0.08820000,0.07160000,0.03460000,-0.01680000,-0.02090000,0.02660000,0.05530000,0.07170000,0.09950000,-0.01260000,0.01920000,0.00000000,0.00000000,0.00000000,0.00000000,0.00000000,0.00000000,0.00000000,0.00000000,0.00000000,0.00000000,0.00000000,0.00000000,0.00000000,0.00000000,0.00000000,0.00000000,0.00000000,0.00000000,0.00000000,0.00000000,0.00000000,0.00000000,0.00000000
-0.09964681,0.02513856,-0.05282276,-0.00551719,-0.01668829,-0.99984556,0.00000000,0.00000000,0.00000000,0.00530000,-0.00150000,-0.25800002,-0.02440000,-0.01000000,-0.32010001,0.43030000,0.40669996,0.14070000,0.00390000,0.06100000,0.01480000,0.01820000,-0.01940000,0.00710000,0.00860000,0.00080001,0.00220000,-0.00460000,-0.00170000,-0.03920000,-0.00280000,0.00970000,-0.59030002,-0.16490000,-0.60900003,-0.63520002,-0.05800000,-0.62840003,0.62919998,0.61820000,0.11440000,-0.11260000,0.09630000,0.04430000,0.06860000,0.10070000,-0.00940000,-0.01680000,-0.08060000,0.01190000,0.05430000,0.04770000,0.08740000,-0.01280000,0.06540000,0.00000000,0.00000000,0.00000000,0.00000000,0.00000000,0.00000000,0.00000000,0.00000000,0.00000000,0.00000000,0.00000000,0.00000000,0.00000000,0.00000000,0.00000000,0.00000000,0.00000000,0.00000000,0.00000000,0.00000000,0.00000000,0.00000000,0.00000000
-0.09874457,0.02496897,-0.02539956,-0.00600640,-0.01849359,-0.99981093,0.00000000,0.00000000,0.00000000,-0.00630000,-0.00470000,-0.27039999,-0.03560000,-0.01100000,-0.33300000,0.44379997,0.41999996,0.14340000,0.00180000,0.06340000,0.01580000,0.01890000,-0.01750000,0.00680000,0.00850000,-0.00139999,0.00250000,-0.00330000,-0.00090000,-0.03880000,-0.00280000,0.01160000,-0.61070001,-0.17540000,-0.61110002,-0.64330000,-0.06820000,-0.62470001,0.63150001,0.60560000,0.11270000,-0.11930000,0.07460000,0.05710000,0.01680000,0.11310000,-0.01270000,-0.00360000,-0.10300000,0.01330000,0.05950000,0.04050000,0.08200000,-0.01200000,0.08810000,0.00000000,0.00000000,0.00000000,0.00000000,0.00000000,0.00000000,0.00000000,0.00000000,0.00000000,0.00000000,0.00000000,0.00000000,0.00000000,0.00000000,0.00000000,0.00000000,0.00000000,0.00000000,0.00000000,0.00000000,0.00000000,0.00000000,0.00000000
-0.08424620,0.02255334,-0.00306854,-0.00637943,-0.02024733,-0.99977463,0.00000000,0.00000000,0.00000000,-0.01790000,-0.00820000,-0.28270000,-0.04680000,-0.01200000,-0.34590000,0.45719999,0.43339998,0.14440000,-0.00030000,0.06580000,0.01680000,0.01880000,-0.01560000,0.00650000,0.00850000,-0.00340000,0.00270000,-0.00200000,0.00000000,-0.03840000,-0.00270000,0.01400000,-0.62629998,-0.20819999,-0.61909997,-0.63580000,-0.06180000,-0.62449998,0.62769997,0.61830002,0.02020000,-0.12980001,0.08460000,0.05320000,-0.02390000,0.10040000,-0.01310000,-0.00410000,-0.08260000,0.01290000,0.04950000,0.03690000,0.06510000,0.00270000,0.08220000,0.00000000,0.00000000,0.00000000,0.00000000,0.00000000,0.00000000,0.00000000,0.00000000,0.00000000,0.00000000,0.00000000,0.00000000,0.00000000,0.00000000,0.00000000,0.00000000,0.00000000,0.00000000,0.00000000,0.00000000,0.00000000,0.00000000,0.00000000
-0.09845947,0.02486540,0.01067412,-0.00712981,-0.02202668,-0.99973196,0.00000000,0.00000000,0.00000000,-0.02940000,-0.01220000,-0.29509997,-0.05800000,-0.01320000,-0.35869998,0.47049999,0.44669998,0.14750001,-0.00430000,0.06820001,0.01770000,0.01810000,-0.01390000,0.00630000,0.00850000,-0.00510000,0.00300000,-0.00130000,0.00000000,-0.03780000,-0.00260000,0.01540000,-0.60860002,-0.23140000,-0.61510003,-0.64560002,-0.06560000,-0.62629998,0.63340002,0.60570002,0.10800000,-0.16880000,0.07190000,0.03600000,-0.04040000,0.08540000,-0.01290000,-0.00590000,-0.05340000,0.01260000,0.03140000,0.00090000,0.07700000,-0.02370000,0.08790000,0.00000000,0.00000000,0.00000000,0.00000000,0.00000000,0.00000000,0.00000000,0.00000000,0.00000000,0.00000000,0.00000000,0.00000000,0.00000000,0.00000000,0.00000000,0.00000000,0.00000000,0.00000000,0.00000000,0.00000000,0.00000000,0.00000000,0.00000000
-0.09909464,0.02630050,0.01620294,-0.00765864,-0.02384830,-0.99968624,0.00000000,0.00000000,0.00000000,-0.04070000,-0.01680000,-0.30739999,-0.06920001,-0.01380000,-0.37160003,0.48359996,0.46010000,0.14930001,-0.00650000,0.07050000,0.01850000,0.01720000,-0.01270001,0.00620000,0.00820000,-0.00590000,0.00310000,-0.00050000,0.00000000,-0.03730000,-0.00250000,0.01690000,-0.64060003,-0.23840000,-0.60810000,-0.59850001,-0.06440000,-0.61229998,0.62230003,0.63489997,0.08860000,-0.18080001,0.08850000,0.04050000,-0.04580000,0.08540000,-0.00590000,-0.01950000,-0.02290000,0.00370000,0.03030000,-0.00110000,0.05630000,0.04380000,0.05190000,0.00000000,0.00000000,0.00000000,0.00000000,0.00000000,0.00000000,0.00000000,0.00000000,0.00000000,0.00000000,0.00000000,0.00000000,0.00000000,0.00000000,0.00000000,0.00000000,0.00000000,0.00000000,0.00000000,0.00000000,0.00000000,0.00000000,0.00000000
-0.08221436,-0.01799764,0.02154282,-0.00799352,-0.02562270,-0.99963975,0.00000000,0.00000000,0.00000000,-0.05160001,-0.02000000,-0.31980002,-0.08020000,-0.01590000,-0.38440001,0.49720001,0.47299999,0.15280001,-0.00980000,0.07300000,0.01950000,0.01610000,-0.01090001,0.00600000,0.00760000,-0.00700000,0.00310000,-0.00010000,0.00000000,-0.03650000,-0.00220000,0.01920000,-0.59950000,0.00180000,-0.55690002,-0.57099998,-0.19170000,-0.63470000,0.60450000,0.62540001,0.05100000,-0.06660000,0.29519999,-0.03320000,-0.04380000,0.14070000,-0.01170000,-0.03610000,-0.08540000,0.00590000,0.00190000,0.00320000,0.09980000,-0.01390000,0.32330000,0.00000000,0.00000000,0.00000000,0.00000000,0.00000000,0.00000000,0.00000000,0.00000000,0.00000000,0.00000000,0.00000000,0.00000000,0.00000000,0.00000000,0.00000000,0.00000000,0.00000000,0.00000000,0.00000000,0.00000000,0.00000000,0.00000000,0.00000000
-0.10268169,-0.01907034,-0.03664971,-0.00805295,-0.02742820,-0.99959135,0.00000000,0.00000000,0.00000000,-0.06170000,-0.02000000,-0.33160001,-0.09150000,-0.01980000,-0.39740002,0.51069999,0.48559999,0.15610000,-0.00860000,0.07630000,0.01870000,0.01550000,-0.00830001,0.00560000,0.00650000,-0.00860000,0.00310000,0.00000000,0.00000000,-0.03590000,-0.00220000,0.02520000,-0.65969998,0.00660000,-0.61900002,-0.60780001,-0.21670000,-0.62059999,0.60250002,0.63260001,-0.02260000,-0.06200000,0.18920000,-0.21960001,-0.01060000,0.15719999,-0.02120000,-0.06220000,-0.07300000,0.00000000,-0.00100000,0.00040000,0.04660000,0.01650000,0.27120000,0.00000000,0.00000000,0.00000000,0.00000000,0.00000000,0.00000000,0.00000000,0.00000000,0.00000000,0.00000000,0.00000000,0.00000000,0.00000000,0.00000000,0.00000000,0.00000000,0.00000000,0.00000000,0.00000000,0.00000000,0.00000000,0.00000000,0.00000000
-0.09803866,0.04255341,-0.05915720,-0.00822099,-0.02946083,-0.99953210,0.00000000,0.00000000,0.00000000,-0.06250000,-0.02000000,-0.33399999,-0.08040000,-0.01990000,-0.39969999,0.50809997,0.47950000,0.15350001,-0.00880000,0.06750000,0.02270000,0.01430000,-0.00790000,0.00450000,0.00420000,-0.00900000,0.00280000,0.00000000,0.00000000,-0.03620000,-0.00220000,0.02950000,-0.10940000,-0.00250000,0.11970000,0.62029999,0.03640000,0.13200000,-0.58639997,-0.60409999,-0.35609999,0.01690000,-0.15539999,-0.02260000,-0.09270000,-0.00100000,-0.05490000,-0.12790000,0.00010000,-0.01130000,0.00050000,0.00040000,0.02150000,-0.02120000,0.15770000,0.00000000,0.00000000,0.00000000,0.00000000,0.00000000,0.00000000,0.00000000,0.00000000,0.00000000,0.00000000,0.00000000,0.00000000,0.00000000,0.00000000,0.00000000,0.00000000,0.00000000,0.00000000,0.00000000,0.00000000,0.00000000,0.00000000,0.00000000
0.00391179,0.00822666,-0.01904859,-0.00855396,-0.03191255,-0.99945408,0.00000000,0.00000000,0.00000000,-0.05540000,-0.01840000,-0.33069998,-0.06990001,-0.01880000,-0.39609998,0.49839997,0.46810001,0.15340000,-0.00640000,0.06150000,0.02190000,0.01220000,-0.00820000,0.00410000,0.00270000,-0.00880000,0.00210000,0.00000000,0.00000000,-0.03750000,-0.00220000,0.02920000,0.57230002,0.13550000,0.58899999,0.58429998,0.13240001,0.47790000,-0.63380003,-0.62150002,0.64219999,0.12620001,-0.20299999,-0.06940000,-0.05550000,-0.03900000,-0.00880000,0.03880000,0.04590000,-0.04170000,0.00020000,0.03120000,-0.15300000,-0.00610000,-0.03340000,0.00000000,0.00000000,0.00000000,0.00000000,0.00000000,0.00000000,0.00000000,0.00000000,0.00000000,0.00000000,0.00000000,0.00000000,0.00000000,0.00000000,0.00000000,0.00000000,0.00000000,0.00000000,0.00000000,0.00000000,0.00000000,0.00000000,0.00000000
0.15874310,-0.03168402,0.02760305,-0.00867098,-0.03099017,-0.99948210,0.00000000,0.00000000,0.00000000,-0.04400000,-0.01660000,-0.32010001,-0.06050000,-0.01710000,-0.38520002,0.48740000,0.45660001,0.14720000,-0.00580000,0.05810000,0.02080000,0.01060000,-0.00950000,0.00450000,0.00410000,-0.00810000,0.00130000,0.00000000,0.00000000,-0.04000000,-0.00240000,0.02930000,0.41450000,0.09990000,0.59350002,0.64039999,0.09620000,0.63810003,-0.60759997,-0.63309997,-0.27100000,-0.00390000,-0.17350000,-0.05900000,-0.10160000,-0.07320000,0.03110000,0.04980000,0.04940000,-0.02320000,-0.00050000,0.00010000,-0.10160000,-0.03950000,0.09650000,0.00000000,0.00000000,0.00000000,0.00000000,0.00000000,0.00000000,0.00000000,0.00000000,0.00000000,0.00000000,0.00000000,0.00000000,0.00000000,0.00000000,0.00000000,0.00000000,0.00000000,0.00000000,0.00000000,0.00000000,0.00000000,0.00000000,0.00000000
0.20240179,-0.01765827,0.02793711,-0.00810589,-0.02763196,-0.99958533,0.00000000,0.00000000,0.00000000,-0.03310000,-0.01360000,-0.30909997,-0.04990000,-0.01460000,-0.37349999,0.47639996,0.44510001,0.14360000,-0.00430000,0.05460000,0.01910000,0.00790000,-0.01160000,0.00520000,0.00430000,-0.00710000,0.00100000,0.00000000,0.00000000,-0.04210000,-0.00250000,0.02850000,0.50929999,0.16750000,0.60479999,0.63129997,0.15000001,0.63319999,-0.64240003,-0.63770002,-0.20980000,0.11820000,-0.15099999,-0.09680000,-0.12340000,-0.10920000,0.04210000,-0.00070000,0.06740000,0.00910000,-0.02750000,-0.00030000,-0.03580000,-0.00240000,-0.01960000,0.00000000,0.00000000,0.00000000,0.00000000,0.00000000,0.00000000,0.00000000,0.00000000,0.00000000,0.00000000,0.00000000,0.00000000,0.00000000,0.00000000,0.00000000,0.00000000,0.00000000,0.00000000,0.00000000,0.00000000,0.00000000,0.00000000,0.00000000
0.18053964,-0.01435890,0.01448921,-0.00762075,-0.02399896,-0.99968296,0.00000000,0.00000000,0.00000000,-0.02160000,-0.01030000,-0.29830003,-0.03910000,-0.01200000,-0.36190003,0.46539998,0.43349999,0.13990000,-0.00220000,0.05100000,0.01710000,0.00580000,-0.01390000,0.00610000,0.00400000,-0.00600000,0.00120000,-0.00080000,-0.00020000,-0.04290000,-0.00230000,0.02710000,0.52380002,0.14800000,0.61669999,0.63679999,0.14960000,0.63760000,-0.62400001,-0.64080000,-0.17200001,0.06340000,-0.17710000,-0.09570000,-0.06780000,-0.10130000,0.03480000,0.00660000,0.07160000,0.02560000,-0.03860000,-0.00890000,-0.03250000,-0.00790000,-0.02000000,0.00000000,0.00000000,0.00000000,0.00000000,0.00000000,0.00000000,0.00000000,0.00000000,0.00000000,0.00000000,0.00000000,0.00000000,0.00000000,0.00000000,0.00000000,0.00000000,0.00000000,0.00000000,0.00000000,0.00000000,0.00000000,0.00000000,0.00000000
0.17823032,-0.01322403,0.01180173,-0.00718815,-0.02042401,-0.99976557,0.00000000,0.00000000,0.00000000,-0.01000001,-0.00720000,-0.28740001,-0.02820000,-0.00940000,-0.35030001,0.45440000,0.42199999,0.13630000,-0.00020000,0.04750000,0.01510000,0.00480000,-0.01580000,0.00670000,0.00430000,-0.00480001,0.00170000,-0.00160000,-0.00050000,-0.04360000,-0.00200000,0.02570000,0.55159998,0.14720000,0.62099999,0.63510001,0.14749999,0.63709998,-0.62980002,-0.63999999,-0.17730001,0.07290000,-0.17280000,-0.09900000,-0.01460000,-0.07600000,0.02540000,0.03550000,0.07040000,0.03710000,-0.03930000,-0.01560000,-0.02690000,-0.00380000,-0.01830000,0.00000000,0.00000000,0.00000000,0.00000000,0.00000000,0.00000000,0.00000000,0.00000000,0.00000000,0.00000000,0.00000000,0.00000000,0.00000000,0.00000000,0.00000000,0.00000000,0.00000000,0.00000000,0.00000000,0.00000000,0.00000000,0.00000000,0.00000000
0.17674811,-0.01230536,0.01123395,-0.00680214,-0.01683999,-0.99983507,0.00000000,0.00000000,0.00000000,0.00160000,-0.00430000,-0.27620000,-0.01740000,-0.00680000,-0.33859998,0.44330001,0.41049999,0.13290000,0.00180000,0.04390000,0.01300000,0.00480000,-0.01719999,0.00720000,0.00520000,-0.00370000,0.00250000,-0.00230000,-0.00090000,-0.04420000,-0.00170000,0.02450000,0.57709998,0.15260001,0.62540001,0.63120002,0.14180000,0.63630003,-0.62390000,-0.63419998,-0.18070000,0.11310000,-0.17290001,-0.09920000,0.02700000,-0.05160000,0.01650000,0.05300000,0.06630000,0.04110000,-0.02520000,-0.00140000,-0.02670000,-0.00650000,-0.01690000,0.00000000,0.00000000,0.00000000,0.00000000,0.00000000,0.00000000,0.00000000,0.00000000,0.00000000,0.00000000,0.00000000,0.00000000,0.00000000,0.00000000,0.00000000,0.00000000,0.00000000,0.00000000,0.00000000,0.00000000,0.00000000,0.00000000,0.00000000
0.17702256,-0.01147243,0.00834989,-0.00644617,-0.01321246,-0.99989194,0.00000000,0.00000000,0.00000000,0.01330000,-0.00140000,-0.26499999,-0.00660000,-0.00430000,-0.32700002,0.43219995,0.39889997,0.12950000,0.00380000,0.04040000,0.01100000,0.00550000,-0.01830000,0.00760000,0.00620000,-0.00270000,0.00330000,-0.00270000,-0.00090000,-0.04500000,-0.00140000,0.02350000,0.59299999,0.13930000,0.62279999,0.61019999,0.13789999,0.63700002,-0.62930000,-0.64050001,-0.17770000,0.07990000,-0.17479999,-0.09680000,0.05310000,-0.03650000,0.01610000,0.06300000,0.06080000,0.03790000,-0.00980000,0.00620000,-0.02790000,-0.00660000,-0.03200000,0.00000000,0.00000000,0.00000000,0.00000000,0.00000000,0.00000000,0.00000000,0.00000000,0.00000000,0.00000000,0.00000000,0.00000000,0.00000000,0.00000000,0.00000000,0.00000000,0.00000000,0.00000000,0.00000000,0.00000000,0.00000000,0.00000000,0.00000000
0.17521159,-0.01024225,0.00797533,-0.00610793,-0.00958202,-0.99993545,0.00000000,0.00000000,0.00000000,0.02480000,0.00130000,-0.25379997,0.00440000,-0.00190000,-0.31529999,0.42119998,0.38739997,0.12610000,0.00570000,0.03680000,0.00880000,0.00680000,-0.01910000,0.00780000,0.00750000,-0.00190000,0.00400000,-0.00290000,-0.00080000,-0.04570000,-0.00110000,0.02250000,0.61669999,0.13590001,0.62290001,0.61839998,0.13560000,0.63730001,-0.63150001,-0.64270002,-0.18160000,0.08230000,-0.17240000,-0.09810000,0.08050000,-0.02770000,0.01000000,0.06950000,0.04880000,0.03790000,-0.00730000,0.01000000,-0.02200000,-0.00600000,-0.03480000,0.00000000,0.00000000,0.00000000,0.00000000,0.00000000,0.00000000,0.00000000,0.00000000,0.00000000,0.00000000,0.00000000,0.00000000,0.00000000,0.00000000,0.00000000,0.00000000,0.00000000,0.00000000,0.00000000,0.00000000,0.00000000,0.00000000,0.00000000
0.17313530,-0.01100562,0.00712635,-0.00579517,-0.00596835,-0.99996543,0.00000000,0.00000000,0.00000000,0.03520000,0.00360000,-0.24270000,0.01550000,0.00050000,-0.30369997,0.41020000,0.37599999,0.12230000,0.00720000,0.03330000,0.00670000,0.00900000,-0.01970001,0.00780000,0.00910000,-0.00130001,0.00490000,-0.00360000,-0.00100000,-0.04610000,-0.00080000,0.02190000,0.61269999,0.14470001,0.59909999,0.63569999,0.12220000,0.63940001,-0.60589999,-0.65259999,-0.22250000,0.09570000,-0.15310000,-0.11140000,0.12610000,-0.01440000,0.00350000,0.09270000,0.02980000,0.04170000,-0.02590000,-0.00600000,-0.00420000,-0.00750000,-0.03220000,0.00000000,0.00000000,0.00000000,0.00000000,0.00000000,0.00000000,0.00000000,0.00000000,0.00000000,0.00000000,0.00000000,0.00000000,0.00000000,0.00000000,0.00000000,0.00000000,0.00000000,0.00000000,0.00000000,0.00000000,0.00000000,0.00000000,0.00000000
-0.21921408,-0.01223095,-0.05121211,-0.00538939,-0.00374138,-0.99997848,0.00000000,0.00000000,0.00000000,0.02470000,0.00200000,-0.24659999,0.01720000,0.00040000,-0.30530000,0.40639997,0.36860001,0.11490001,0.00630000,0.02580000,0.00650000,0.01070000,-0.02020000,0.00780000,0.00900000,-0.00040001,0.00580000,-0.00670000,-0.00380000,-0.04050000,-0.00070000,0.02500000,-0.19880000,-0.21380000,-0.58600003,-0.63150001,0.00970000,-0.57410002,-0.31150001,-0.31970000,-0.64420003,-0.11070000,0.27860001,-0.01410000,0.06750000,-0.05870000,-0.01290000,-0.01910000,0.11370000,0.06630000,-0.31310001,-0.33320001,0.49660000,-0.01070000,-0.07740000,0.00000000,0.00000000,0.00000000,0.00000000,0.00000000,0.00000000,0.00000000,0.00000000,0.00000000,0.00000000,0.00000000,0.00000000,0.00000000,0.00000000,0.00000000,0.00000000,0.00000000,0.00000000,0.00000000,0.00000000,0.00000000,0.00000000,0.00000000
-0.50234038,0.11080892,-0.03462706,-0.00639276,-0.01015480,-0.99992800,0.00000000,0.00000000,0.00000000,0.01540000,-0.00380000,-0.25749999,0.00610000,0.00130000,-0.31819999,0.39849997,0.36189997,0.10670000,0.00310000,0.01550000,0.00680000,0.01320000,-0.02169999,0.00760000,0.01000000,0.00180000,0.00690000,-0.01170000,-0.00920000,-0.03570000,-0.00050000,0.02570000,-0.22690000,-0.30160001,-0.48199999,-0.60729998,0.07250000,-0.63150001,-0.58579999,-0.29969999,-0.65820003,-0.13590001,-0.37979999,0.02800000,0.08660000,-0.05760000,-0.01640000,0.02970000,0.09820000,0.00340000,-0.03710000,-0.07190000,0.12850000,0.02790000,-0.10600000,0.00000000,0.00000000,0.00000000,0.00000000,0.00000000,0.00000000,0.00000000,0.00000000,0.00000000,0.00000000,0.00000000,0.00000000,0.00000000,0.00000000,0.00000000,0.00000000,0.00000000,0.00000000,0.00000000,0.00000000,0.00000000,0.00000000,0.00000000
-0.29657149,0.17884673,-0.04346963,-0.00917604,-0.01815613,-0.99979305,0.00000000,0.00000000,0.00000000,0.00500000,-0.01130000,-0.26560003,-0.00550000,0.00420000,-0.33130002,0.39109999,0.36259997,0.09790000,0.00040000,0.00980000,0.00680000,0.01620000,-0.02290000,0.00720000,0.01190000,0.00340000,0.00700000,-0.01040000,-0.00860000,-0.03570000,0.00000000,0.02540000,-0.28940001,-0.37040001,-0.39359999,-0.63319999,0.14390001,-0.62660003,-0.39760000,0.13570000,-0.65189999,-0.23300000,-0.18340001,0.00020000,0.16470000,-0.01030000,-0.01470000,0.13360000,0.04360000,0.00020000,0.06640000,0.02270000,0.10960000,0.02020000,-0.23190001,0.00000000,0.00000000,0.00000000,0.00000000,0.00000000,0.00000000,0.00000000,0.00000000,0.00000000,0.00000000,0.00000000,0.00000000,0.00000000,0.00000000,0.00000000,0.00000000,0.00000000,0.00000000,0.00000000,0.00000000,0.00000000,0.00000000,0.00000000
-0.10845547,0.03336082,0.01306081,-0.01183835,-0.02307608,-0.99966365,0.00000000,0.00000000,0.00000000,-0.00610000,-0.01530000,-0.27759999,-0.01710000,0.00440000,-0.34420002,0.39950001,0.37379998,0.09760000,-0.00150000,0.01100000,0.00730000,0.01870000,-0.02130000,0.00680000,0.01450000,0.00209999,0.00690000,-0.00680000,-0.00530000,-0.03710000,0.00080000,0.02190000,-0.40860000,-0.11180000,-0.61420000,-0.63690001,-0.05530000,-0.62410003,0.63169998,0.61559999,0.13890000,-0.04310000,0.09040000,0.05760000,0.08210000,0.12660000,-0.03000000,0.10290000,-0.11560000,-0.01160000,0.19130000,0.20500000,0.01400000,-0.00970000,-0.09500000,0.00000000,0.00000000,0.00000000,0.00000000,0.00000000,0.00000000,0.00000000,0.00000000,0.00000000,0.00000000,0.00000000,0.00000000,0.00000000,0.00000000,0.00000000,0.00000000,0.00000000,0.00000000,0.00000000,0.00000000,0.00000000,0.00000000,0.00000000
-0.07229000,0.02449985,0.00068659,-0.01203896,-0.02455515,-0.99962598,0.00000000,0.00000000,0.00000000,-0.01700000,-0.01760000,-0.29009998,-0.02820000,0.00260000,-0.35699999,0.41289997,0.38709998,0.09820001,-0.00380000,0.01300000,0.00880000,0.01930000,-0.01940000,0.00610000,0.01450000,-0.00080000,0.00630000,-0.00280000,-0.00020000,-0.03840000,0.00040000,0.02320000,-0.60670000,-0.15109999,-0.60049999,-0.63569999,-0.10930000,-0.62750000,0.62919998,0.60909998,0.09310000,-0.08800000,0.05150000,0.09530000,-0.02090000,0.05940000,-0.03580000,-0.10090000,-0.11070000,-0.03750000,0.18520001,0.25160000,-0.00270000,-0.04850000,0.10880000,0.00000000,0.00000000,0.00000000,0.00000000,0.00000000,0.00000000,0.00000000,0.00000000,0.00000000,0.00000000,0.00000000,0.00000000,0.00000000,0.00000000,0.00000000,0.00000000,0.00000000,0.00000000,0.00000000,0.00000000,0.00000000,0.00000000,0.00000000
-0.06492083,0.02537900,-0.02586807,-0.01254953,-0.02575264,-0.99958956,0.00000000,0.00000000,0.00000000,-0.02780000,-0.02000000,-0.30260003,-0.03940000,0.00040000,-0.36980003,0.42670000,0.40020001,0.10050000,-0.00530000,0.01470000,0.01070000,0.01910000,-0.01860000,0.00550000,0.01330000,-0.00330000,0.00590000,-0.00100000,-0.00010000,-0.03880000,0.00040000,0.02550000,-0.46799999,0.01050000,-0.56650001,-0.61769998,-0.22750001,-0.62500000,0.62529999,0.62309998,0.06750000,-0.03520000,0.24089999,0.04850000,0.00230000,0.09750000,-0.02170000,-0.10150000,-0.17219999,-0.01250000,0.03470000,0.04940000,0.08520000,-0.00190000,0.20600000,0.00000000,0.00000000,0.00000000,0.00000000,0.00000000,0.00000000,0.00000000,0.00000000,0.00000000,0.00000000,0.00000000,0.00000000,0.00000000,0.00000000,0.00000000,0.00000000,0.00000000,0.00000000,0.00000000,0.00000000,0.00000000,0.00000000,0.00000000
-0.06209689,-0.01211379,-0.04546124,-0.01260762,-0.02694192,-0.99955750,0.00000000,0.00000000,0.00000000,-0.03900000,-0.02000000,-0.31500000,-0.05070001,-0.00470000,-0.38270003,0.44069999,0.41299999,0.10179999,-0.00490000,0.01840000,0.01370000,0.01940000,-0.01660000,0.00520000,0.01190000,-0.00650001,0.00600000,-0.00060000,-0.00030000,-0.03790000,0.00040000,0.03150000,-0.65480000,0.00200000,-0.59750003,-0.60930002,-0.24830000,-0.62269998,0.61830002,0.62980002,0.11780000,-0.01110000,0.19440000,0.01140000,0.01660000,0.12660000,-0.02580000,-0.04320000,-0.12500000,0.00230000,0.01730000,-0.03490000,0.11120000,0.01240000,0.22319999,0.00000000,0.00000000,0.00000000,0.00000000,0.00000000,0.00000000,0.00000000,0.00000000,0.00000000,0.00000000,0.00000000,0.00000000,0.00000000,0.00000000,0.00000000,0.00000000,0.00000000,0.00000000,0.00000000,0.00000000,0.00000000,0.00000000,0.00000000
-0.05608916,-0.00537576,-0.02635035,-0.01262926,-0.02819052,-0.99952281,0.00000000,0.00000000,0.00000000,-0.04980001,-0.02000000,-0.32730001,-0.06210001,-0.00990000,-0.39570004,0.45459998,0.42570001,0.10480000,-0.00430000,0.02040000,0.01760000,0.01930000,-0.01459999,0.00470000,0.01130000,-0.00820000,0.00600000,-0.00010000,-0.00080000,-0.03690000,0.00040000,0.03640000,-0.64380002,0.00160000,-0.61739999,-0.61009997,-0.26150000,-0.62210000,0.62040001,0.62989998,-0.00620000,0.01260000,0.08980000,0.06650000,0.00330000,0.10960000,-0.01950000,-0.00090000,-0.04880000,-0.01180000,0.01180000,-0.01970000,0.07670000,0.02090000,0.22420000,0.00000000,0.00000000,0.00000000,0.00000000,0.00000000,0.00000000,0.00000000,0.00000000,0.00000000,0.00000000,0.00000000,0.00000000,0.00000000,0.00000000,0.00000000,0.00000000,0.00000000,0.00000000,0.00000000,0.00000000,0.00000000,0.00000000,0.00000000
-0.04950536,0.01155197,-0.02216464,-0.01312236,-0.02933209,-0.99948359,0.00000000,0.00000000,0.00000000,-0.06070000,-0.02000000,-0.33950001,-0.07340001,-0.01510000,-0.40869999,0.46849996,0.43729997,0.10730000,-0.00340000,0.01790000,0.02020000,0.01920000,-0.01289999,0.00440000,0.01130000,-0.00870000,0.00570000,0.00000000,-0.00110000,-0.03590000,0.00040000,0.04180000,-0.64789999,0.00200000,-0.61379999,-0.61449999,-0.26220000,-0.62430000,0.61879998,0.63029999,-0.02040000,0.03160000,-0.01610000,0.02640000,0.01050000,0.09310000,-0.01720000,0.01760000,0.00680000,-0.01080000,0.00010000,-0.00710000,0.06090000,0.02570000,0.20930000,0.00000000,0.00000000,0.00000000,0.00000000,0.00000000,0.00000000,0.00000000,0.00000000,0.00000000,0.00000000,0.00000000,0.00000000,0.00000000,0.00000000,0.00000000,0.00000000,0.00000000,0.00000000,0.00000000,0.00000000,0.00000000,0.00000000,0.00000000
-0.22942023,0.14092949,-0.10015305,-0.01361286,-0.03154628,-0.99940962,0.00000000,0.00000000,0.00000000,-0.07200000,-0.02000000,-0.34990001,-0.07009999,-0.02000000,-0.41740000,0.47270000,0.43239999,0.10930000,-0.00130000,0.00760000,0.02690000,0.01770000,-0.01300000,0.00370000,0.00920000,-0.00770000,0.00530000,-0.00030000,-0.00160000,-0.03370000,0.00060000,0.04950000,-0.13760000,0.00150000,-0.30509999,0.30730000,-0.03530000,-0.25940001,-0.30700001,-0.62449998,0.13920000,0.35310000,-0.56559998,-0.13830000,-0.10440000,-0.11390000,-0.02560000,-0.16000000,0.14950000,-0.02510000,0.00370000,-0.03350000,0.08390000,0.06160000,0.10770000,0.00000000,0.00000000,0.00000000,0.00000000,0.00000000,0.00000000,0.00000000,0.00000000,0.00000000,0.00000000,0.00000000,0.00000000,0.00000000,0.00000000,0.00000000,0.00000000,0.00000000,0.00000000,0.00000000,0.00000000,0.00000000,0.00000000,0.00000000
0.15220214,0.01634614,-0.04048482,-0.01426163,-0.03590028,-0.99925363,0.00000000,0.00000000,0.00000000,-0.06110001,-0.01850000,-0.34420002,-0.06040001,-0.01930000,-0.41210002,0.46139997,0.42069995,0.10400000,0.00000000,0.00180000,0.02690000,0.01850000,-0.01629999,0.00340000,0.01070000,-0.00420000,0.00460000,0.00000000,-0.00190000,-0.03790000,0.00130000,0.04930000,0.58109999,0.14820001,0.62750000,0.57450002,0.05870000,0.64069998,-0.60619998,-0.65289998,-0.08330000,0.11130000,-0.18009999,0.00170000,0.00050000,-0.18330000,-0.05250000,0.02260000,0.20290001,-0.04130000,0.01150000,0.32100001,-0.22560000,-0.03860000,0.02470000,0.00000000,0.00000000,0.00000000,0.00000000,0.00000000,0.00000000,0.00000000,0.00000000,0.00000000,0.00000000,0.00000000,0.00000000,0.00000000,0.00000000,0.00000000,0.00000000,0.00000000,0.00000000,0.00000000,0.00000000,0.00000000,0.00000000,0.00000000
0.24103703,-0.01138346,0.02615046,-0.01402198,-0.03260096,-0.99937010,0.00000000,0.00000000,0.00000000,-0.05010000,-0.01490000,-0.33270001,-0.05000000,-0.01800000,-0.40030003,0.45039999,0.40920001,0.09780000,0.00090000,-0.00250000,0.02640000,0.01630000,-0.02040000,0.00300000,0.01110000,-0.00060000,0.00390000,0.00000000,-0.00010000,-0.04210000,0.00110000,0.05060000,0.54750001,0.20299999,0.63330001,0.63419998,0.13460000,0.62959999,-0.61379999,-0.62459999,-0.02790000,0.13840000,-0.23500000,-0.04280000,-0.17460001,-0.21390000,0.05860000,-0.02560000,0.18150000,-0.01480000,-0.00680000,-0.03640000,-0.07690000,0.00710000,0.01490000,0.00000000,0.00000000,0.00000000,0.00000000,0.00000000,0.00000000,0.00000000,0.00000000,0.00000000,0.00000000,0.00000000,0.00000000,0.00000000,0.00000000,0.00000000,0.00000000,0.00000000,0.00000000,0.00000000,0.00000000,0.00000000,0.00000000,0.00000000
0.23160283,-0.01252492,0.03983955,-0.01364094,-0.02802716,-0.99951410,0.00000000,0.00000000,0.00000000,-0.03870000,-0.01050000,-0.32200003,-0.03950000,-0.01570000,-0.38880002,0.43919998,0.39760000,0.09330000,0.00360000,-0.00710000,0.02510000,0.01180000,-0.02460000,0.00410000,0.01040000,0.00200000,0.00360000,-0.00030000,0.00000000,-0.04350000,0.00140000,0.04960000,0.48040000,0.20710000,0.58480000,0.64150000,0.12770000,0.64080000,-0.60490000,-0.64889997,-0.24800000,0.12700000,-0.21750000,-0.05520000,-0.21910000,-0.18600000,0.05330000,-0.01180000,0.11190000,-0.01130000,0.00010000,0.00020000,-0.05340000,-0.00960000,0.00040000,0.00000000,0.00000000,0.00000000,0.00000000,0.00000000,0.00000000,0.00000000,0.00000000,0.00000000,0.00000000,0.00000000,0.00000000,0.00000000,0.00000000,0.00000000,0.00000000,0.00000000,0.00000000,0.00000000,0.00000000,0.00000000,0.00000000,0.00000000
0.22529425,-0.01130790,0.03953182,-0.01316763,-0.02352264,-0.99963659,0.00000000,0.00000000,0.00000000,-0.02740000,-0.00640000,-0.31110001,-0.02870000,-0.01330000,-0.37709999,0.42799997,0.38599998,0.08910000,0.00680000,-0.01170000,0.02370000,0.01000000,-0.02779999,0.00480000,0.01160000,0.00380000,0.00470000,-0.00300000,-0.00190000,-0.04360000,0.00200000,0.04830000,0.61570001,0.21500000,0.62620002,0.62129998,0.15160000,0.63859999,-0.60920000,-0.63020003,-0.09530000,0.24789999,-0.20370001,-0.06850000,0.03800000,-0.12740000,0.00650000,0.14110000,0.11330000,0.10660000,-0.21030000,-0.15279999,0.08060000,0.00100000,-0.05130000,0.00000000,0.00000000,0.00000000,0.00000000,0.00000000,0.00000000,0.00000000,0.00000000,0.00000000,0.00000000,0.00000000,0.00000000,0.00000000,0.00000000,0.00000000,0.00000000,0.00000000,0.00000000,0.00000000,0.00000000,0.00000000,0.00000000,0.00000000
0.23374315,-0.01049015,0.00226381,-0.01286910,-0.01883663,-0.99973977,0.00000000,0.00000000,0.00000000,-0.01760000,-0.00260000,-0.29930001,-0.01770000,-0.01110000,-0.36520004,0.41639996,0.37449998,0.08460000,0.00950000,-0.01610000,0.02240000,0.01260000,-0.02990000,0.00480000,0.01550000,0.00600001,0.00700000,-0.00730000,-0.00510000,-0.04210000,0.00240000,0.04820000,0.63270003,0.21840000,0.63400000,0.60740000,0.13600001,0.62480003,-0.61189997,-0.64859998,0.05360000,0.16100000,-0.16260000,-0.07660000,0.24429999,-0.07220000,-0.02780000,0.25650001,0.14210001,0.15700001,-0.23970000,-0.19470000,0.19910000,0.01220000,-0.07160000,0.00000000,0.00000000,0.00000000,0.00000000,0.00000000,0.00000000,0.00000000,0.00000000,0.00000000,0.00000000,0.00000000,0.00000000,0.00000000,0.00000000,0.00000000,0.00000000,0.00000000,0.00000000,0.00000000,0.00000000,0.00000000,0.00000000,0.00000000
0.21083182,-0.00846901,-0.03902336,-0.01264751,-0.01395981,-0.99982256,0.00000000,0.00000000,0.00000000,-0.01440001,-0.00040000,-0.28750002,-0.00650000,-0.00890000,-0.35320002,0.40499997,0.36299998,0.08020000,0.01110000,-0.02070000,0.02110000,0.01940000,-0.03120001,0.00430000,0.02180000,0.00900000,0.01000000,-0.01140000,-0.00860000,-0.03960000,0.00280000,0.04890000,0.27800000,0.13140000,0.62070000,0.61040002,0.13230000,0.64190000,-0.60949999,-0.63709998,-0.08960000,0.15560000,-0.18520001,-0.07250000,0.40250000,-0.04270000,-0.02340000,0.35730001,0.17730001,0.14460000,-0.16580001,-0.15210000,0.17090000,-0.00400000,-0.04040000,0.00000000,0.00000000,0.00000000,0.00000000,0.00000000,0.00000000,0.00000000,0.00000000,0.00000000,0.00000000,0.00000000,0.00000000,0.00000000,0.00000000,0.00000000,0.00000000,0.00000000,0.00000000,0.00000000,0.00000000,0.00000000,0.00000000,0.00000000
0.25832012,-0.01335345,-0.12587129,-0.01256288,-0.00893992,-0.99988115,0.00000000,0.00000000,0.00000000,-0.02150000,0.00000000,-0.27530003,0.00520000,-0.00750000,-0.34140003,0.39379996,0.35139996,0.07360001,0.01120000,-0.02570000,0.02050000,0.02980000,-0.03230000,0.00330000,0.02950000,0.01260000,0.01330000,-0.01450000,-0.01130000,-0.03700000,0.00280000,0.05420000,-0.38479999,-0.02070000,0.64709997,0.60949999,0.09500000,0.62709999,-0.61879998,-0.64370000,-0.31310001,-0.08350000,-0.25290000,-0.04400000,0.59299999,-0.04990000,-0.04910000,0.40259999,0.20430000,0.15640000,-0.12840000,-0.12850000,0.19520000,-0.00690000,0.20540000,0.00000000,0.00000000,0.00000000,0.00000000,0.00000000,0.00000000,0.00000000,0.00000000,0.00000000,0.00000000,0.00000000,0.00000000,0.00000000,0.00000000,0.00000000,0.00000000,0.00000000,0.00000000,0.00000000,0.00000000,0.00000000,0.00000000,0.00000000
0.25791475,0.00417155,-0.17197719,-0.01257187,-0.00366556,-0.99991429,0.00000000,0.00000000,0.00000000,-0.02800000,0.00000000,-0.26300001,0.01210000,-0.00650000,-0.32990003,0.38299996,0.33980000,0.07009999,0.01110000,-0.03100000,0.02030000,0.04160000,-0.03360000,0.00210000,0.03780000,0.01609999,0.01610000,-0.01610000,-0.01350000,-0.03420000,0.00270000,0.05720000,-0.29470000,-0.02060000,0.64999998,0.24410000,0.05560000,0.61400002,-0.61320001,-0.63180000,-0.32030001,-0.03200000,-0.27149999,-0.00940000,0.62230003,-0.06340000,-0.05960000,0.45109999,0.17680000,0.13380000,-0.06030000,-0.09900000,0.16130000,-0.00830000,0.09670000,0.00000000,0.00000000,0.00000000,0.00000000,0.00000000,0.00000000,0.00000000,0.00000000,0.00000000,0.00000000,0.00000000,0.00000000,0.00000000,0.00000000,0.00000000,0.00000000,0.00000000,0.00000000,0.00000000,0.00000000,0.00000000,0.00000000,0.00000000
0.26100206,-0.00743405,-0.14262874,-0.01256834,0.00154980,-0.99991983,0.00000000,0.00000000,0.00000000,-0.03230000,0.00010000,-0.25089997,0.01660000,-0.00570000,-0.31819999,0.37229997,0.32819998,0.06650001,0.01080000,-0.03610000,0.02010000,0.05300000,-0.03510000,0.00080000,0.04710000,0.01870000,0.01840000,-0.01660000,-0.01520000,-0.03180000,0.00270000,0.05830000,-0.14450000,-0.01570000,0.64679998,0.14420000,0.05940000,0.63150001,-0.61790001,-0.63529998,-0.23790000,-0.02910000,-0.25590000,-0.02510000,0.54879999,-0.07990000,-0.06840000,0.51120001,0.12909999,0.09990000,-0.02270000,-0.07660000,0.15510000,-0.00880000,0.00640000,0.00000000,0.00000000,0.00000000,0.00000000,0.00000000,0.00000000,0.00000000,0.00000000,0.00000000,0.00000000,0.00000000,0.00000000,0.00000000,0.00000000,0.00000000,0.00000000,0.00000000,0.00000000,0.00000000,0.00000000,0.00000000,0.00000000,0.00000000
0.28135827,-0.00360535,-0.04422344,-0.01241005,0.00690207,-0.99989921,0.00000000,0.00000000,0.00000000,-0.03280000,0.00000000,-0.23889999,0.01350000,-0.00500000,-0.30620003,0.36149997,0.31650001,0.06200001,0.01040000,-0.04140000,0.02000000,0.06320000,-0.03700000,-0.00070000,0.05830000,0.02030000,0.02000000,-0.01720000,-0.01650000,-0.02960000,0.00270000,0.05690000,-0.19520000,-0.09420000,0.64099997,-0.59100002,0.02440000,0.62150002,-0.59780002,-0.62860000,-0.33019999,-0.18070000,-0.30350000,0.02990000,0.54490000,-0.10110000,-0.07460000,0.62529999,0.08800000,0.08460000,-0.07270000,-0.05580000,0.14990000,-0.00590000,-0.09840000,0.00000000,0.00000000,0.00000000,0.00000000,0.00000000,0.00000000,0.00000000,0.00000000,0.00000000,0.00000000,0.00000000,0.00000000,0.00000000,0.00000000,0.00000000,0.00000000,0.00000000,0.00000000,0.00000000,0.00000000,0.00000000,0.00000000,0.00000000
0.32598928,0.00839843,-0.00817345,-0.01233836,0.01269074,-0.99984336,0.00000000,0.00000000,0.00000000,-0.03640001,-0.00080000,-0.22640000,0.00570000,-0.00420000,-0.29430002,0.35039997,0.30470002,0.05910000,0.00940000,-0.04690000,0.02020000,0.07400000,-0.03910001,-0.00200000,0.07030000,0.02120000,0.02170000,-0.01870000,-0.01680000,-0.02680000,0.00270000,0.05600000,-0.52060002,-0.06010000,0.63290000,-0.60329998,0.01550000,0.63230002,-0.60369998,-0.62669998,0.10770000,-0.10110000,-0.29719999,0.04870000,0.59469998,-0.09390000,-0.05280000,0.62330002,0.04600000,0.06890000,-0.06700000,0.01200000,0.15200000,-0.00240000,-0.07570000,0.00000000,0.00000000,0.00000000,0.00000000,0.00000000,0.00000000,0.00000000,0.00000000,0.00000000,0.00000000,0.00000000,0.00000000,0.00000000,0.00000000,0.00000000,0.00000000,0.00000000,0.00000000,0.00000000,0.00000000,0.00000000,0.00000000,0.00000000
0.30100909,0.00104040,-0.01828776,-0.01250390,0.01851500,-0.99975044,0.00000000,0.00000000,0.00000000,-0.03950000,-0.00120000,-0.21409999,0.00010000,-0.00330000,-0.28230000,0.33880001,0.29299998,0.05360000,0.00840000,-0.05230000,0.02020000,0.08580000,-0.04120000,-0.00300000,0.08220000,0.02169999,0.02310000,-0.01950000,-0.01650000,-0.02430000,0.00290000,0.05530000,-0.59619999,-0.09450000,0.64209998,-0.62000000,0.01260000,0.61479998,-0.57150000,-0.66079998,-0.25080001,-0.12470000,-0.29890001,0.07760000,0.63020003,-0.10160000,-0.04620000,0.63059998,0.05150000,0.08380000,0.00460000,0.03280000,0.16410001,-0.02970000,0.05370000,0.00000000,0.00000000,0.00000000,0.00000000,0.00000000,0.00000000,0.00000000,0.00000000,0.00000000,0.00000000,0.00000000,0.00000000,0.00000000,0.00000000,0.00000000,0.00000000,0.00000000,0.00000000,0.00000000,0.00000000,0.00000000,0.00000000,0.00000000
0.32843629,0.00747602,-0.02070030,-0.01250963,0.02471847,-0.99961621,0.00000000,0.00000000,0.00000000,-0.04720001,-0.00190000,-0.20160000,-0.00770000,-0.00220000,-0.27029997,0.32720000,0.28130001,0.04809999,0.00740000,-0.05820000,0.02040000,0.09810000,-0.04320000,-0.00400000,0.09440000,0.02239999,0.02470000,-0.01980000,-0.01670000,-0.02120000,0.00320000,0.05530000,-0.61690003,-0.08170000,0.63980001,-0.65979999,0.03400000,0.61940002,-0.58099997,-0.65799999,-0.29020000,-0.11600000,-0.31079999,0.06410000,0.63010001,-0.09250000,-0.04180000,0.63029999,0.05630000,0.07610000,0.02670000,0.02170000,0.18750000,-0.02770000,-0.00150000,0.00000000,0.00000000,0.00000000,0.00000000,0.00000000,0.00000000,0.00000000,0.00000000,0.00000000,0.00000000,0.00000000,0.00000000,0.00000000,0.00000000,0.00000000,0.00000000,0.00000000,0.00000000,0.00000000,0.00000000,0.00000000,0.00000000,0.00000000
0.33797094,0.01367603,-0.02175487,-0.01255534,0.03117162,-0.99943519,0.00000000,0.00000000,0.00000000,-0.05620000,-0.00260000,-0.18910001,-0.01690000,-0.00100000,-0.25830001,0.31569999,0.26959997,0.04250000,0.00620000,-0.06420000,0.02060000,0.11040000,-0.04510000,-0.00500000,0.10660000,0.02340001,0.02640000,-0.02010000,-0.01720000,-0.01770000,0.00340000,0.05480000,-0.62459999,-0.07000000,0.63540000,-0.67369998,0.06640000,0.62089998,-0.58539999,-0.66200000,-0.28970000,-0.11220000,-0.29069999,0.03160000,0.62750000,-0.08670000,-0.05670000,0.62870002,0.08230000,0.08490000,-0.01470000,-0.02520000,0.23989999,-0.03330000,-0.04410000,0.00000000,0.00000000,0.00000000,0.00000000,0.00000000,0.00000000,0.00000000,0.00000000,0.00000000,0.00000000,0.00000000,0.00000000,0.00000000,0.00000000,0.00000000,0.00000000,0.00000000,0.00000000,0.00000000,0.00000000,0.00000000,0.00000000,0.00000000
0.34108767,0.01691375,-0.02061162,-0.01267481,0.03785540,-0.99920285,0.00000000,0.00000000,0.00000000,-0.06560001,-0.00310000,-0.17650001,-0.02640000,0.00060000,-0.24620001,0.30419999,0.25800002,0.03680000,0.00490000,-0.07009999,0.02070000,0.12270001,-0.04680000,-0.00610000,0.11870000,0.02469999,0.02810000,-0.02110000,-0.01840000,-0.01380000,0.00360000,0.05430000,-0.62089998,-0.06030000,0.63440001,-0.65930003,0.08110000,0.62250000,-0.58590001,-0.66619998,-0.28639999,-0.11300000,-0.23740000,0.05060000,0.62639999,-0.07470000,-0.05170000,0.62760001,0.08950000,0.07830000,-0.04410000,-0.05020000,0.24570000,-0.03360000,-0.04200000,0.00000000,0.00000000,0.00000000,0.00000000,0.00000000,0.00000000,0.00000000,0.00000000,0.00000000,0.00000000,0.00000000,0.00000000,0.00000000,0.00000000,0.00000000,0.00000000,0.00000000,0.00000000,0.00000000,0.00000000,0.00000000,0.00000000,0.00000000
0.34118587,0.01534200,-0.01834511,-0.01279621,0.04459135,-0.99892336,0.00000000,0.00000000,0.00000000,-0.07550000,-0.00370000,-0.16390000,-0.03650000,0.00230000,-0.23410000,0.29269999,0.24630000,0.03100000,0.00350000,-0.07620000,0.02090000,0.13500001,-0.04830000,-0.00730000,0.13090000,0.02620000,0.03000000,-0.02230000,-0.01980000,-0.00920000,0.00380000,0.05370000,-0.62540001,-0.05500000,0.63470000,-0.64920002,0.08490000,0.61919999,-0.58550000,-0.66420001,-0.28459999,-0.11390000,-0.24079999,0.07300000,0.62599999,-0.06380000,-0.05720000,0.62690002,0.10180000,0.09620000,-0.04470000,-0.04910000,0.30790001,-0.02800000,-0.03620000,0.00000000,0.00000000,0.00000000,0.00000000,0.00000000,0.00000000,0.00000000,0.00000000,0.00000000,0.00000000,0.00000000,0.00000000,0.00000000,0.00000000,0.00000000,0.00000000,0.00000000,0.00000000,0.00000000,0.00000000,0.00000000,0.00000000,0.00000000
0.34129751,0.01549225,-0.01924662,-0.01291595,0.05137117,-0.99859613,0.00000000,0.00000000,0.00000000,-0.08590001,-0.00400000,-0.15120001,-0.04640000,0.00410000,-0.22199999,0.28119999,0.23459999,0.02530000,0.00220000,-0.08220000,0.02100000,0.14730000,-0.04960001,-0.00840000,0.14320000,0.02779999,0.03200000,-0.02340000,-0.02110000,-0.00420000,0.00400000,0.05320000,-0.62680000,-0.04690000,0.63459998,-0.64520001,0.09190000,0.61839998,-0.58389997,-0.66430002,-0.28209999,-0.11450000,-0.23610000,0.07670000,0.62589997,-0.05860000,-0.05320000,0.62680000,0.11140000,0.09470000,-0.04160000,-0.04810000,0.32290000,-0.02330000,-0.03600000,0.00000000,0.00000000,0.00000000,0.00000000,0.00000000,0.00000000,0.00000000,0.00000000,0.00000000,0.00000000,0.00000000,0.00000000,0.00000000,0.00000000,0.00000000,0.00000000,0.00000000,0.00000000,0.00000000,0.00000000,0.00000000,0.00000000,0.00000000
0.34204566,0.01613431,-0.02237228,-0.01303094,0.05817547,-0.99822134,0.00000000,0.00000000,0.00000000,-0.09640001,-0.00420000,-0.13849999,-0.05620000,0.00610000,-0.20990001,0.26959997,0.22289999,0.01960000,0.00080000,-0.08820000,0.02110000,0.15969999,-0.05090000,-0.00940000,0.15549999,0.02970001,0.03380000,-0.02440000,-0.02240000,0.00100000,0.00430000,0.05280000,-0.62300003,-0.03800000,0.63459998,-0.64999998,0.09910000,0.61860001,-0.57859999,-0.66649997,-0.27579999,-0.11570000,-0.22939999,0.07630000,0.62610000,-0.05640000,-0.04820000,0.62730002,0.11970000,0.08660000,-0.03630000,-0.04250000,0.31520000,-0.02800000,-0.03810000,0.00000000,0.00000000,0.00000000,0.00000000,0.00000000,0.00000000,0.00000000,0.00000000,0.00000000,0.00000000,0.00000000,0.00000000,0.00000000,0.00000000,0.00000000,0.00000000,0.00000000,0.00000000,0.00000000,0.00000000,0.00000000,0.00000000,0.00000000
0.34268981,0.01679829,-0.02690858,-0.01314100,0.06500000,-0.99779874,0.00000000,0.00000000,0.00000000,-0.10730000,-0.00420000,-0.12580000,-0.06569999,0.00820000,-0.19770001,0.25809997,0.21119998,0.01400000,-0.00060000,-0.09410000,0.02120000,0.17209999,-0.05210000,-0.01040000,0.16779999,0.03180000,0.03560000,-0.02540000,-0.02370000,0.00640000,0.00460000,0.05250000,-0.62089998,-0.02700000,0.63450003,-0.64850003,0.10480000,0.61900002,-0.57419997,-0.66710001,-0.27030000,-0.11480000,-0.22710000,0.07890000,0.62610000,-0.05730000,-0.04420000,0.62750000,0.12690000,0.08010000,-0.03520000,-0.04280000,0.32429999,-0.02650000,-0.04220000,0.00000000,0.00000000,0.00000000,0.00000000,0.00000000,0.00000000,0.00000000,0.00000000,0.00000000,0.00000000,0.00000000,0.00000000,0.00000000,0.00000000,0.00000000,0.00000000,0.00000000,0.00000000,0.00000000,0.00000000,0.00000000,0.00000000,0.00000000
0.34376651,0.01711733,-0.03214209,-0.01324750,0.07185315,-0.99732727,0.00000000,0.00000000,0.00000000,-0.11830001,-0.00400000,-0.11299999,-0.07520001,0.01040000,-0.18550001,0.24659999,0.19939999,0.00830000,-0.00190000,-0.10010000,0.02130000,0.18439999,-0.05339999,-0.01130000,0.18009999,0.03389999,0.03720000,-0.02640000,-0.02500000,0.01200000,0.00500000,0.05220000,-0.62210000,-0.01710000,0.63419998,-0.64639997,0.11060000,0.61809999,-0.57270002,-0.66740000,-0.26899999,-0.11340000,-0.22100000,0.08280000,0.62589997,-0.05830000,-0.04080000,0.62739998,0.13230000,0.07310000,-0.03520000,-0.04210000,0.33750001,-0.02130000,-0.04500000,0.00000000,0.00000000,0.00000000,0.00000000,0.00000000,0.00000000,0.00000000,0.00000000,0.00000000,0.00000000,0.00000000,0.00000000,0.00000000,0.00000000,0.00000000,0.00000000,0.00000000,0.00000000,0.00000000,0.00000000,0.00000000,0.00000000,0.00000000
0.34426412,0.01702110,-0.03742290,-0.01335196,0.07873149,-0.99680644,0.00000000,0.00000000,0.00000000,-0.12940000,-0.00360000,-0.10020000,-0.08450000,0.01270000,-0.17340000,0.23509999,0.18769999,0.00270000,-0.00320000,-0.10610000,0.02150000,0.19680001,-0.05460000,-0.01220000,0.19240001,0.03610000,0.03860000,-0.02740000,-0.02630000,0.01760000,0.00550000,0.05190000,-0.59950000,-0.00770000,0.63309997,-0.66909999,0.11510000,0.61299998,-0.57539999,-0.66500002,-0.27289999,-0.10910000,-0.23029999,0.04320000,0.62529999,-0.05790000,-0.03770000,0.62669998,0.13490000,0.06540000,-0.04210000,-0.04880000,0.35299999,-0.01040000,-0.06210000,0.00000000,0.00000000,0.00000000,0.00000000,0.00000000,0.00000000,0.00000000,0.00000000,0.00000000,0.00000000,0.00000000,0.00000000,0.00000000,0.00000000,0.00000000,0.00000000,0.00000000,0.00000000,0.00000000,0.00000000,0.00000000,0.00000000,0.00000000
0.34544480,0.01676910,-0.04271874,-0.01345285,0.08564515,-0.99623489,0.00000000,0.00000000,0.00000000,-0.14060000,-0.00290000,-0.08740000,-0.09400000,0.01510000,-0.16120000,0.22350000,0.17590000,-0.00290000,-0.00440000,-0.11200000,0.02180000,0.20920001,-0.05589999,-0.01290000,0.20470001,0.03839999,0.03990000,-0.02870000,-0.02780000,0.02370000,0.00610000,0.05160000,-0.53369999,0.00160000,0.63160002,-0.69590002,0.11380000,0.60879999,-0.57929999,-0.66060001,-0.27930000,-0.09660000,-0.24150001,0.02950000,0.62570000,-0.05730000,-0.03460000,0.62730002,0.13880000,0.05500000,-0.05910000,-0.06840000,0.39240000,0.01610000,-0.09950000,0.00000000,0.00000000,0.00000000,0.00000000,0.00000000,0.00000000,0.00000000,0.00000000,0.00000000,0.00000000,0.00000000,0.00000000,0.00000000,0.00000000,0.00000000,0.00000000,0.00000000,0.00000000,0.00000000,0.00000000,0.00000000,0.00000000,0.00000000
0.34263563,0.01700308,-0.04689579,-0.01354403,0.09259440,-0.99561179,0.00000000,0.00000000,0.00000000,-0.15170000,-0.00200000,-0.07449999,-0.10350001,0.01750000,-0.14900000,0.21200000,0.16419999,-0.00840000,-0.00550000,-0.11790000,0.02200000,0.22150001,-0.05710000,-0.01370000,0.21700001,0.04060000,0.04100000,-0.03050000,-0.02980000,0.03020000,0.00690000,0.05130000,-0.53560001,0.01550000,0.63099998,-0.69730002,0.11490000,0.60939997,-0.57709998,-0.66070002,-0.27550000,-0.08920000,-0.25009999,0.04170000,0.62510002,-0.05630000,-0.03100000,0.62720001,0.13750000,0.04620000,-0.07260000,-0.08200000,0.39719999,0.02040000,-0.10420000,0.00000000,0.00000000,0.00000000,0.00000000,0.00000000,0.00000000,0.00000000,0.00000000,0.00000000,0.00000000,0.00000000,0.00000000,0.00000000,0.00000000,0.00000000,0.00000000,0.00000000,0.00000000,0.00000000,0.00000000,0.00000000,0.00000000,0.00000000
0.33939159,0.01632796,-0.05187272,-0.01361525,0.09950564,-0.99494386,0.00000000,0.00000000,0.00000000,-0.16280000,-0.00090000,-0.06160000,-0.11280000,0.02000000,-0.13680001,0.20050000,0.15240000,-0.01380000,-0.00650000,-0.12379999,0.02240000,0.23380001,-0.05840001,-0.01430000,0.22930001,0.04290000,0.04200000,-0.03230000,-0.03190000,0.03660000,0.00770000,0.05100000,-0.56129998,0.03340000,0.63029999,-0.70039999,0.11380000,0.61030000,-0.57499999,-0.66299999,-0.27140000,-0.08040000,-0.25090000,0.04540000,0.62459999,-0.05690000,-0.02780000,0.62720001,0.13560000,0.04200000,-0.07150000,-0.08160000,0.38029999,0.01680000,-0.09610000,0.00000000,0.00000000,0.00000000,0.00000000,0.00000000,0.00000000,0.00000000,0.00000000,0.00000000,0.00000000,0.00000000,0.00000000,0.00000000,0.00000000,0.00000000,0.00000000,0.00000000,0.00000000,0.00000000,0.00000000,0.00000000,0.00000000,0.00000000
0.33592755,0.01531692,-0.05773340,-0.01366286,0.10637392,-0.99423236,0.00000000,0.00000000,0.00000000,-0.17389999,0.00060000,-0.04860000,-0.12180001,0.02250000,-0.12460001,0.18890001,0.14070000,-0.01910000,-0.00740000,-0.12950000,0.02280000,0.24600001,-0.05970000,-0.01490000,0.24150001,0.04510000,0.04270000,-0.03430000,-0.03400000,0.04310000,0.00860000,0.05080000,-0.54790002,0.04880000,0.62989998,-0.70380002,0.11270000,0.60939997,-0.57319999,-0.66109997,-0.26400000,-0.07080000,-0.24439999,0.05200000,0.62440002,-0.06400000,-0.02150000,0.62739998,0.13249999,0.02050000,-0.07150000,-0.08280000,0.38929999,0.02550000,-0.10110000,0.00000000,0.00000000,0.00000000,0.00000000,0.00000000,0.00000000,0.00000000,0.00000000,0.00000000,0.00000000,0.00000000,0.00000000,0.00000000,0.00000000,0.00000000,0.00000000,0.00000000,0.00000000,0.00000000,0.00000000,0.00000000,0.00000000,0.00000000
0.33376724,0.01494909,-0.06568382,-0.01367477,0.11317020,-0.99348152,0.00000000,0.00000000,0.00000000,-0.18499999,0.00230000,-0.03569999,-0.13030000,0.02490000,-0.11240001,0.17729999,0.12890001,-0.02430000,-0.00810000,-0.13510001,0.02330000,0.25830001,-0.06110001,-0.01540000,0.25369999,0.04719999,0.04330000,-0.03610000,-0.03610000,0.04940000,0.00960000,0.05080000,-0.56010002,0.06270000,0.62940001,-0.70630002,0.11100000,0.60790002,-0.56930000,-0.65920001,-0.25619999,-0.06580000,-0.24169999,0.06340000,0.62410003,-0.07050000,-0.01870000,0.62769997,0.12720001,0.01820000,-0.06400000,-0.07650000,0.36690000,0.01900000,-0.09650000,0.00000000,0.00000000,0.00000000,0.00000000,0.00000000,0.00000000,0.00000000,0.00000000,0.00000000,0.00000000,0.00000000,0.00000000,0.00000000,0.00000000,0.00000000,0.00000000,0.00000000,0.00000000,0.00000000,0.00000000,0.00000000,0.00000000,0.00000000
0.33332494,0.01417586,-0.07292450,-0.01366484,0.11991899,-0.99268961,0.00000000,0.00000000,0.00000000,-0.19620000,0.00420000,-0.02260000,-0.13870001,0.02740000,-0.10020000,0.16579999,0.11720000,-0.02940000,-0.00870000,-0.14070000,0.02390000,0.27059999,-0.06270000,-0.01580000,0.26589999,0.04920000,0.04360000,-0.03790000,-0.03820000,0.05590000,0.01060000,0.05080000,-0.56900001,0.07180000,0.62930000,-0.70349997,0.10910000,0.60799998,-0.56770003,-0.65520000,-0.25180000,-0.06560000,-0.23559999,0.06960000,0.62390000,-0.07890000,-0.01690000,0.62720001,0.12540001,0.00330000,-0.06010000,-0.07170000,0.38540000,0.03120000,-0.09330000,0.00000000,0.00000000,0.00000000,0.00000000,0.00000000,0.00000000,0.00000000,0.00000000,0.00000000,0.00000000,0.00000000,0.00000000,0.00000000,0.00000000,0.00000000,0.00000000,0.00000000,0.00000000,0.00000000,0.00000000,0.00000000,0.00000000,0.00000000
0.33262908,0.01411856,-0.08267833,-0.01361845,0.12662442,-0.99185729,0.00000000,0.00000000,0.00000000,-0.20740001,0.00620000,-0.00960000,-0.14680000,0.02980000,-0.08790000,0.15420000,0.10540001,-0.03440000,-0.00940000,-0.14620000,0.02460000,0.28279999,-0.06450000,-0.01620000,0.27820000,0.05129999,0.04380000,-0.03950000,-0.04000000,0.06230000,0.01170000,0.05090000,-0.57010001,0.07630000,0.62910002,-0.69980001,0.10600000,0.60689998,-0.56360000,-0.64980000,-0.24570000,-0.06950000,-0.24300000,0.08660000,0.62370002,-0.08990000,-0.01670000,0.62690002,0.12700000,0.00100000,-0.04780000,-0.06050000,0.38370001,0.03480000,-0.09040000,0.00000000,0.00000000,0.00000000,0.00000000,0.00000000,0.00000000,0.00000000,0.00000000,0.00000000,0.00000000,0.00000000,0.00000000,0.00000000,0.00000000,0.00000000,0.00000000,0.00000000,0.00000000,0.00000000,0.00000000,0.00000000,0.00000000,0.00000000
0.33459178,0.01275405,-0.09192511,-0.01354657,0.13330407,-0.99098265,0.00000000,0.00000000,0.00000000,-0.21870001,0.00840000,0.00340000,-0.15480000,0.03220000,-0.07570000,0.14259999,0.09350000,-0.03760000,-0.00970000,-0.15169999,0.02540000,0.29510000,-0.06649999,-0.01660000,0.29040000,0.05340001,0.04390000,-0.04100000,-0.04170000,0.06890000,0.01290000,0.05080000,-0.61150002,0.11990000,0.63000000,-0.67750001,0.11620000,0.61780000,-0.55489999,-0.64039999,0.21320000,-0.03340000,-0.25700000,0.09290000,0.62320000,-0.10270000,-0.01930000,0.62500000,0.13390000,-0.00210000,-0.04800000,-0.04670000,0.38420001,0.03300000,-0.12470000,0.00000000,0.00000000,0.00000000,0.00000000,0.00000000,0.00000000,0.00000000,0.00000000,0.00000000,0.00000000,0.00000000,0.00000000,0.00000000,0.00000000,0.00000000,0.00000000,0.00000000,0.00000000,0.00000000,0.00000000,0.00000000,0.00000000,0.00000000
0.34134689,0.00872128,-0.10274995,-0.01343142,0.13996302,-0.99006563,0.00000000,0.00000000,0.00000000,-0.22980000,0.01100000,0.01640000,-0.16260000,0.03450000,-0.06340000,0.13100000,0.08170001,-0.04330000,-0.01010000,-0.15720001,0.02630000,0.30730000,-0.06870000,-0.01710000,0.30260000,0.05559999,0.04400000,-0.04230000,-0.04320000,0.07550000,0.01410000,0.05100000,-0.61629999,0.13020000,0.62980002,-0.68000001,0.11340000,0.61449999,-0.54979998,-0.63760000,0.16790000,-0.03080000,-0.25909999,0.10730000,0.62309998,-0.11420000,-0.02420000,0.62510002,0.14100000,-0.00540000,-0.04520000,-0.04560000,0.38010001,0.02680000,-0.10530000,0.00000000,0.00000000,0.00000000,0.00000000,0.00000000,0.00000000,0.00000000,0.00000000,0.00000000,0.00000000,0.00000000,0.00000000,0.00000000,0.00000000,0.00000000,0.00000000,0.00000000,0.00000000,0.00000000,0.00000000,0.00000000,0.00000000,0.00000000
0.32985899,0.01397005,-0.11162090,-0.01329951,0.14672177,-0.98908842,0.00000000,0.00000000,0.00000000,-0.24100001,0.01380000,0.02940000,-0.17000000,0.03690000,-0.05120000,0.11929999,0.06989999,-0.04860000,-0.01010000,-0.16260000,0.02730000,0.31960002,-0.07110000,-0.01760000,0.31479999,0.05800000,0.04400000,-0.04350000,-0.04470000,0.08200000,0.01520000,0.05120000,-0.61320001,0.13079999,0.62879997,-0.61940002,0.09920000,0.60769999,-0.55980003,-0.61799997,-0.24089999,-0.03480000,-0.25299999,0.09800000,0.62430000,-0.11830000,-0.02340000,0.62339997,0.13810000,-0.00190000,-0.02310000,-0.02560000,0.35030001,0.03870000,-0.07250000,0.00000000,0.00000000,0.00000000,0.00000000,0.00000000,0.00000000,0.00000000,0.00000000,0.00000000,0.00000000,0.00000000,0.00000000,0.00000000,0.00000000,0.00000000,0.00000000,0.00000000,0.00000000,0.00000000,0.00000000,0.00000000,0.00000000,0.00000000
0.33411303,0.01218303,-0.12404638,-0.01309154,0.15339090,-0.98807889,0.00000000,0.00000000,0.00000000,-0.25209999,0.01670000,0.04250000,-0.17749999,0.03900000,-0.03890000,0.10759999,0.05800000,-0.05400000,-0.01070000,-0.16800000,0.02860000,0.33190000,-0.07380000,-0.01810000,0.32710001,0.06050000,0.04420000,-0.04420000,-0.04570000,0.08830000,0.01630000,0.05130000,-0.60949999,0.13060001,0.62870002,-0.63510001,0.09680000,0.60369998,-0.55650002,-0.62349999,-0.26980001,-0.05930000,-0.25770000,0.11440000,0.62400001,-0.12729999,-0.02020000,0.62379998,0.15070000,0.00180000,-0.01920000,-0.02300000,0.35920000,0.03480000,-0.06230000,0.00000000,0.00000000,0.00000000,0.00000000,0.00000000,0.00000000,0.00000000,0.00000000,0.00000000,0.00000000,0.00000000,0.00000000,0.00000000,0.00000000,0.00000000,0.00000000,0.00000000,0.00000000,0.00000000,0.00000000,0.00000000,0.00000000,0.00000000
0.33799681,-0.00077827,-0.14364532,-0.01285179,0.16008790,-0.98701912,0.00000000,0.00000000,0.00000000,-0.26300001,0.01970000,0.05560000,-0.18539999,0.04100000,-0.02670000,0.09589998,0.04610001,-0.05830000,-0.01090000,-0.17350000,0.03010000,0.34430000,-0.07680000,-0.01860000,0.33939999,0.06349999,0.04430000,-0.04440000,-0.04630000,0.09510000,0.01740000,0.05140000,-0.63540000,0.14800000,0.62800002,-0.66820002,0.08690000,0.61699998,-0.55119997,-0.62199998,0.20460001,-0.04450000,-0.25409999,0.14150000,0.62430000,-0.15539999,-0.02350000,0.62480003,0.18709999,-0.00010000,0.00460000,-0.00530000,0.37110001,0.03370000,-0.09710000,0.00000000,0.00000000,0.00000000,0.00000000,0.00000000,0.00000000,0.00000000,0.00000000,0.00000000,0.00000000,0.00000000,0.00000000,0.00000000,0.00000000,0.00000000,0.00000000,0.00000000,0.00000000,0.00000000,0.00000000,0.00000000,0.00000000,0.00000000
0.35102484,-0.00260941,-0.15399748,-0.01253308,0.16687720,-0.98589808,0.00000000,0.00000000,0.00000000,-0.27370000,0.02290000,0.06880000,-0.19350000,0.04290000,-0.01440001,0.08409999,0.03420000,-0.06330000,-0.01110000,-0.17890000,0.03200000,0.35670000,-0.08020000,-0.01930000,0.35170001,0.06700000,0.04440000,-0.04430000,-0.04660000,0.10160000,0.01840000,0.05130000,-0.63749999,0.17070000,0.62819999,-0.67420000,0.08190000,0.61919999,-0.54790002,-0.62250000,0.22210000,-0.03220000,-0.24760000,0.15549999,0.62500000,-0.17450000,-0.02940000,0.62629998,0.20420000,-0.00490000,0.02880000,0.02450000,0.36269999,0.02360000,-0.08970000,0.00000000,0.00000000,0.00000000,0.00000000,0.00000000,0.00000000,0.00000000,0.00000000,0.00000000,0.00000000,0.00000000,0.00000000,0.00000000,0.00000000,0.00000000,0.00000000,0.00000000,0.00000000,0.00000000,0.00000000,0.00000000,0.00000000,0.00000000
0.35914153,-0.01050683,-0.16532685,-0.01214097,0.17380536,-0.98470521,0.00000000,0.00000000,0.00000000,-0.28399998,0.02640000,0.08190000,-0.20250000,0.04470000,-0.00210001,0.07230000,0.02230000,-0.06850000,-0.01110000,-0.18450001,0.03420000,0.36899999,-0.08390000,-0.02010000,0.36410001,0.07100001,0.04470000,-0.04410000,-0.04670000,0.10840000,0.01950000,0.05090000,-0.63770002,0.18340001,0.62790000,-0.67580003,0.07860000,0.61750001,-0.54549998,-0.61949998,0.21960001,-0.02760000,-0.24490000,0.16720000,0.62500000,-0.19080000,-0.03410000,0.62650001,0.23230000,0.00650000,0.03020000,0.02890000,0.38859999,0.02600000,-0.07950000,0.00000000,0.00000000,0.00000000,0.00000000,0.00000000,0.00000000,0.00000000,0.00000000,0.00000000,0.00000000,0.00000000,0.00000000,0.00000000,0.00000000,0.00000000,0.00000000,0.00000000,0.00000000,0.00000000,0.00000000,0.00000000,0.00000000,0.00000000
0.36769769,-0.01196147,-0.17560381,-0.01166804,0.18089233,-0.98343372,0.00000000,0.00000000,0.00000000,-0.29409999,0.03020000,0.09510000,-0.21170001,0.04640000,0.01019999,0.06050000,0.01030000,-0.07370000,-0.01110000,-0.19010000,0.03660000,0.38139999,-0.08780000,-0.02100000,0.37639999,0.07539999,0.04510000,-0.04400000,-0.04680000,0.11540000,0.02050000,0.05050000,-0.63849998,0.19250000,0.62769997,-0.67640001,0.07810000,0.61510003,-0.54320002,-0.61580002,0.22010000,-0.02570000,-0.24800000,0.17880000,0.62480003,-0.20140000,-0.04390000,0.62650001,0.25940001,0.01400000,0.02650000,0.02770000,0.40770000,0.02280000,-0.07670000,0.00000000,0.00000000,0.00000000,0.00000000,0.00000000,0.00000000,0.00000000,0.00000000,0.00000000,0.00000000,0.00000000,0.00000000,0.00000000,0.00000000,0.00000000,0.00000000,0.00000000,0.00000000,0.00000000,0.00000000,0.00000000,0.00000000,0.00000000
0.37768200,-0.01265751,-0.18540514,-0.01113684,0.18815957,-0.98207533,0.00000000,0.00000000,0.00000000,-0.30379999,0.03400000,0.10830000,-0.22120000,0.04810000,0.02250000,0.04860000,-0.00170000,-0.07910000,-0.01110000,-0.19580001,0.03930000,0.39379999,-0.09190001,-0.02200000,0.38870001,0.08030000,0.04570000,-0.04400000,-0.04690000,0.12280000,0.02150000,0.04980000,-0.63990003,0.20039999,0.62739998,-0.67549998,0.08130000,0.61280000,-0.54110003,-0.61210001,0.22220001,-0.02550000,-0.25080001,0.18719999,0.62470001,-0.21020000,-0.05290000,0.62639999,0.28760001,0.02090000,0.02240000,0.02630000,0.42300001,0.01780000,-0.07730000,0.00000000,0.00000000,0.00000000,0.00000000,0.00000000,0.00000000,0.00000000,0.00000000,0.00000000,0.00000000,0.00000000,0.00000000,0.00000000,0.00000000,0.00000000,0.00000000,0.00000000,0.00000000,0.00000000,0.00000000,0.00000000,0.00000000,0.00000000
0.38668108,-0.01107337,-0.19629489,-0.01056191,0.19560720,-0.98062545,0.00000000,0.00000000,0.00000000,-0.31330001,0.03810000,0.12150000,-0.23090000,0.05000000,0.03490000,0.03670000,-0.01370001,-0.08440000,-0.01100000,-0.20160000,0.04210000,0.40619999,-0.09630001,-0.02330000,0.40110001,0.08590001,0.04630000,-0.04400000,-0.04710000,0.13020000,0.02230000,0.04900000,-0.64330000,0.20750000,0.62709999,-0.66589999,0.08420000,0.61129999,-0.54140002,-0.60750002,0.24519999,-0.02620000,-0.25580001,0.19589999,0.62470001,-0.22740000,-0.06010000,0.62580001,0.31670001,0.02400000,0.02380000,0.02470000,0.41720000,0.01210000,-0.08360000,0.00000000,0.00000000,0.00000000,0.00000000,0.00000000,0.00000000,0.00000000,0.00000000,0.00000000,0.00000000,0.00000000,0.00000000,0.00000000,0.00000000,0.00000000,0.00000000,0.00000000,0.00000000,0.00000000,0.00000000,0.00000000,0.00000000,0.00000000
0.37540451,-0.00539007,-0.20811041,-0.00989234,0.20324346,-0.97907823,0.00000000,0.00000000,0.00000000,-0.32279998,0.04200000,0.13480000,-0.24069999,0.05170000,0.04720000,0.02480000,-0.02570000,-0.09070000,-0.01110000,-0.20750000,0.04520000,0.41859999,-0.10100000,-0.02460000,0.41350001,0.09200001,0.04710000,-0.04370000,-0.04700000,0.13789999,0.02310000,0.04810000,-0.62900001,0.18500000,0.62639999,-0.62150002,0.07710000,0.60900003,-0.55299997,-0.60130000,-0.25590000,-0.02400000,-0.27840000,0.21160001,0.62500000,-0.23570000,-0.06930000,0.62419999,0.34060001,0.03460000,0.02100000,0.01550000,0.42109999,0.02210000,-0.03870000,0.00000000,0.00000000,0.00000000,0.00000000,0.00000000,0.00000000,0.00000000,0.00000000,0.00000000,0.00000000,0.00000000,0.00000000,0.00000000,0.00000000,0.00000000,0.00000000,0.00000000,0.00000000,0.00000000,0.00000000,0.00000000,0.00000000,0.00000000
0.40092009,-0.01205265,-0.21916415,-0.00921891,0.21096601,-0.97744995,0.00000000,0.00000000,0.00000000,-0.33240002,0.04620000,0.14790000,-0.25050002,0.05330000,0.05960000,0.01279999,-0.03750001,-0.09720000,-0.01160000,-0.21339999,0.04860000,0.43099999,-0.10609999,-0.02610000,0.42590001,0.09880000,0.04770000,-0.04310000,-0.04670000,0.14540000,0.02360000,0.04730000,-0.64359999,0.20310000,0.62720001,-0.62349999,0.07550000,0.61559999,-0.56140000,-0.59990001,-0.35679999,-0.03930000,-0.29890001,0.23130000,0.62580001,-0.25569999,-0.07460000,0.62410003,0.36669999,0.02540000,0.04650000,0.03570000,0.38699999,0.00890000,-0.03460000,0.00000000,0.00000000,0.00000000,0.00000000,0.00000000,0.00000000,0.00000000,0.00000000,0.00000000,0.00000000,0.00000000,0.00000000,0.00000000,0.00000000,0.00000000,0.00000000,0.00000000,0.00000000,0.00000000,0.00000000,0.00000000,0.00000000,0.00000000
0.40959090,-0.00415319,-0.22638693,-0.00839285,0.21905552,-0.97567630,0.00000000,0.00000000,0.00000000,-0.34130001,0.05060000,0.16130000,-0.26029998,0.05530000,0.07200000,0.00090000,-0.04940000,-0.10290000,-0.01130000,-0.21940000,0.05210000,0.44340000,-0.11139999,-0.02780000,0.43820000,0.10589999,0.04860000,-0.04310000,-0.04670000,0.15340000,0.02410000,0.04610000,-0.63849998,0.20739999,0.62510002,-0.61409998,0.09010000,0.60780001,-0.54839998,-0.59710002,-0.28389999,-0.03430000,-0.30000001,0.23320000,0.62470001,-0.26510000,-0.08360000,0.62360001,0.38170001,0.03860000,0.01010000,0.01720000,0.42350000,0.01280000,-0.03840000,0.00000000,0.00000000,0.00000000,0.00000000,0.00000000,0.00000000,0.00000000,0.00000000,0.00000000,0.00000000,0.00000000,0.00000000,0.00000000,0.00000000,0.00000000,0.00000000,0.00000000,0.00000000,0.00000000,0.00000000,0.00000000,0.00000000,0.00000000
0.43810266,-0.01462345,-0.23301144,-0.00768948,0.22729182,-0.97379637,0.00000000,0.00000000,0.00000000,-0.35000002,0.05520000,0.17450000,-0.26990002,0.05710000,0.08430000,-0.01120000,-0.06080000,-0.10969999,-0.01170000,-0.22530000,0.05570000,0.45580000,-0.11690000,-0.02960000,0.45060000,0.11330000,0.04950000,-0.04300000,-0.04660000,0.16120000,0.02460000,0.04470000,-0.64999998,0.22210000,0.62779999,-0.58759999,0.08780000,0.61369997,-0.54409999,-0.60110003,-0.30530000,-0.02960000,-0.32890001,0.25029999,0.62510002,-0.27849999,-0.09030000,0.61970001,0.39879999,0.03530000,0.02410000,0.02190000,0.43930000,0.01540000,-0.02400000,0.00000000,0.00000000,0.00000000,0.00000000,0.00000000,0.00000000,0.00000000,0.00000000,0.00000000,0.00000000,0.00000000,0.00000000,0.00000000,0.00000000,0.00000000,0.00000000,0.00000000,0.00000000,0.00000000,0.00000000,0.00000000,0.00000000,0.00000000
0.43795469,0.00356774,-0.24126181,-0.00674604,0.23596905,-0.97173721,0.00000000,0.00000000,0.00000000,-0.35759997,0.05990000,0.18790001,-0.27960002,0.05940000,0.09670000,-0.02310000,-0.07210000,-0.11499999,-0.01070000,-0.23119999,0.05940000,0.46820000,-0.12289999,-0.03150000,0.46300000,0.12120000,0.05040000,-0.04330000,-0.04680000,0.16949999,0.02490000,0.04260000,-0.61150002,0.22110000,0.62919998,-0.60079998,0.11250000,0.61360002,-0.53630000,-0.59060001,-0.17930000,0.02690000,-0.25139999,0.19490001,0.62470001,-0.30820000,-0.09210000,0.62330002,0.43290001,0.04180000,0.01310000,0.01490000,0.43279999,0.01940000,-0.07330000,0.00000000,0.00000000,0.00000000,0.00000000,0.00000000,0.00000000,0.00000000,0.00000000,0.00000000,0.00000000,0.00000000,0.00000000,0.00000000,0.00000000,0.00000000,0.00000000,0.00000000,0.00000000,0.00000000,0.00000000,0.00000000,0.00000000,0.00000000
0.48850930,-0.00440121,-0.24890809,-0.00580015,0.24489334,-0.96953267,0.00000000,0.00000000,0.00000000,-0.36580002,0.06490000,0.20120001,-0.28930002,0.06170000,0.10900000,-0.03520000,-0.08160000,-0.12160000,-0.01160000,-0.23580000,0.06300000,0.48060000,-0.12920000,-0.03330000,0.47540000,0.12970001,0.05140000,-0.04300000,-0.04660000,0.17730001,0.02530000,0.03990000,-0.64740002,0.26920000,0.62610000,-0.65490001,0.13699999,0.59810001,-0.53619999,-0.47340000,0.26310000,-0.05010000,-0.16140001,0.27300000,0.62300003,-0.32800001,-0.09630000,0.62140000,0.46250001,0.04790000,0.00530000,0.02050000,0.42989999,0.00670000,-0.17919999,0.00000000,0.00000000,0.00000000,0.00000000,0.00000000,0.00000000,0.00000000,0.00000000,0.00000000,0.00000000,0.00000000,0.00000000,0.00000000,0.00000000,0.00000000,0.00000000,0.00000000,0.00000000,0.00000000,0.00000000,0.00000000,0.00000000,0.00000000
0.52669615,-0.00906200,-0.24529925,-0.00488209,0.25448799,-0.96706361,0.00000000,0.00000000,0.00000000,-0.37190002,0.07020000,0.21480000,-0.29900002,0.06440000,0.12100000,-0.04710000,-0.08880000,-0.13069999,-0.01200000,-0.23930000,0.06650000,0.49309999,-0.13589999,-0.03530000,0.48780000,0.13880000,0.05240000,-0.04270000,-0.04620000,0.18520001,0.02570000,0.03560000,-0.59719998,0.30860001,0.62599999,-0.54890001,0.13030000,0.59249997,-0.54680002,-0.28510001,-0.32980001,-0.04870000,0.00020000,0.26769999,0.62680000,-0.33239999,-0.10210000,0.62019998,0.47720000,0.05420000,0.04360000,0.05020000,0.40050000,0.04050000,-0.18889999,0.00000000,0.00000000,0.00000000,0.00000000,0.00000000,0.00000000,0.00000000,0.00000000,0.00000000,0.00000000,0.00000000,0.00000000,0.00000000,0.00000000,0.00000000,0.00000000,0.00000000,0.00000000,0.00000000,0.00000000,0.00000000,0.00000000,0.00000000
0.58945227,-0.02217587,-0.24151599,-0.00382038,0.26483017,-0.96428752,0.00000000,0.00000000,0.00000000,-0.37720001,0.07670000,0.22850001,-0.30909997,0.06760000,0.13280000,-0.05850000,-0.09290000,-0.13699999,-0.01150000,-0.24020000,0.06990000,0.50549996,-0.14280000,-0.03730000,0.50019997,0.14860001,0.05370000,-0.04220000,-0.04550000,0.19310001,0.02620000,0.02990000,-0.64940000,0.43360001,0.62599999,-0.55379999,0.15809999,0.58459997,-0.54240000,0.07810000,0.18830000,-0.04410000,0.40090001,0.15230000,0.62589997,-0.35139999,-0.11040000,0.62169999,0.52590001,0.08040000,0.08180000,0.05710000,0.37400001,0.06170000,-0.42289999,0.00000000,0.00000000,0.00000000,0.00000000,0.00000000,0.00000000,0.00000000,0.00000000,0.00000000,0.00000000,0.00000000,0.00000000,0.00000000,0.00000000,0.00000000,0.00000000,0.00000000,0.00000000,0.00000000,0.00000000,0.00000000,0.00000000,0.00000000
0.66996831,-0.04181939,-0.22891606,-0.00255101,0.27652985,-0.96100193,0.00000000,0.00000000,0.00000000,-0.38010001,0.08450000,0.24230000,-0.31910002,0.07089999,0.14440000,-0.06900000,-0.09040000,-0.14550000,-0.01120000,-0.23440000,0.07280000,0.51789999,-0.15000001,-0.03930000,0.51260000,0.15959999,0.05520000,-0.04120000,-0.04440000,0.20100001,0.02700000,0.02080000,-0.63990003,0.50940001,0.62779999,-0.56290001,0.17659999,0.57400000,-0.49700001,0.31619999,0.05800000,-0.04010000,0.62190002,0.15300000,0.62589997,-0.37810001,-0.10600000,0.62440002,0.61409998,0.09110000,0.11370000,0.10540000,0.37840000,0.06230000,-0.46740001,0.00000000,0.00000000,0.00000000,0.00000000,0.00000000,0.00000000,0.00000000,0.00000000,0.00000000,0.00000000,0.00000000,0.00000000,0.00000000,0.00000000,0.00000000,0.00000000,0.00000000,0.00000000,0.00000000,0.00000000,0.00000000,0.00000000,0.00000000
0.75353736,-0.02334830,-0.19517927,-0.00084301,0.28959346,-0.95714939,0.00000000,0.00000000,0.00000000,-0.38209999,0.09350000,0.25620002,-0.32920003,0.07470000,0.15590000,-0.07750000,-0.08450000,-0.15240000,-0.01070000,-0.22640000,0.07590000,0.53039998,-0.15779999,-0.04120000,0.52509999,0.17199999,0.05660000,-0.03990000,-0.04250000,0.20880000,0.02800000,0.01140000,-0.31740001,0.49480000,0.62660003,-0.53070003,0.18099999,0.57830000,-0.29440001,0.41380000,-0.25510001,0.00700000,0.61479998,0.17749999,0.62589997,-0.38510001,-0.09560000,0.62559998,0.62470001,0.07190000,0.08570000,0.13440000,0.38360000,0.06320000,-0.45109999,0.00000000,0.00000000,0.00000000,0.00000000,0.00000000,0.00000000,0.00000000,0.00000000,0.00000000,0.00000000,0.00000000,0.00000000,0.00000000,0.00000000,0.00000000,0.00000000,0.00000000,0.00000000,0.00000000,0.00000000,0.00000000,0.00000000,0.00000000
0.85285133,-0.00940327,-0.16953571,0.00091099,0.30414009,-0.95262688,0.00000000,0.00000000,0.00000000,-0.38260001,0.10360000,0.27010000,-0.33910000,0.07930000,0.16730000,-0.08210000,-0.07480000,-0.15770000,-0.00930000,-0.21750000,0.07910000,0.54280001,-0.16540000,-0.04300000,0.53759998,0.18439999,0.05810000,-0.03880000,-0.04050000,0.21590000,0.02910000,0.00250000,-0.45289999,0.59619999,0.62900001,-0.53600001,0.27630001,0.58459997,-0.12170000,0.62629998,0.18529999,0.01620000,0.64349997,0.17640001,0.62489998,-0.37979999,-0.09140000,0.62580001,0.62580001,0.06480000,0.07790000,0.12370000,0.34740001,0.07630000,-0.43680000,0.00000000,0.00000000,0.00000000,0.00000000,0.00000000,0.00000000,0.00000000,0.00000000,0.00000000,0.00000000,0.00000000,0.00000000,0.00000000,0.00000000,0.00000000,0.00000000,0.00000000,0.00000000,0.00000000,0.00000000,0.00000000,0.00000000,0.00000000
0.90169030,0.02466282,-0.13989049,0.00232827,0.32069331,-0.94718027,0.00000000,0.00000000,0.00000000,-0.38209999,0.11410001,0.28399998,-0.34880000,0.08520000,0.17890000,-0.08420000,-0.06280001,-0.16139999,-0.00790000,-0.20880000,0.08200000,0.55519998,-0.17320000,-0.04470000,0.55009997,0.19679999,0.05940000,-0.03820000,-0.03870000,0.22360000,0.03050000,-0.00720000,-0.22620000,0.57580000,0.63000000,-0.51959997,0.29380000,0.59740001,-0.04810000,0.62959999,0.18700001,0.03410000,0.59630001,0.16980000,0.62360001,-0.39129999,-0.09000000,0.62580001,0.62570000,0.07830000,0.04920000,0.11990000,0.41139999,0.10220000,-0.49820000,0.00000000,0.00000000,0.00000000,0.00000000,0.00000000,0.00000000,0.00000000,0.00000000,0.00000000,0.00000000,0.00000000,0.00000000,0.00000000,0.00000000,0.00000000,0.00000000,0.00000000,0.00000000,0.00000000,0.00000000,0.00000000,0.00000000,0.00000000
0.93042594,0.05910210,-0.10724650,0.00328096,0.33787444,-0.94118547,0.00000000,0.00000000,0.00000000,-0.37940001,0.12440000,0.29800001,-0.35740000,0.09110001,0.19040000,-0.08550000,-0.05040000,-0.16440000,-0.00630000,-0.20039999,0.08499999,0.56760001,-0.18110001,-0.04640000,0.56260002,0.20930001,0.06100000,-0.03760000,-0.03680000,0.23180000,0.03230000,-0.01720000,-0.28999999,0.57330000,0.62889999,-0.32620001,0.28810000,0.62190002,-0.03340000,0.61619997,0.32390001,0.01970000,0.59170002,0.15380000,0.62120003,-0.39660001,-0.08220000,0.62540001,0.62620002,0.06740000,0.04400000,0.10610000,0.40160000,0.09340000,-0.43189999,0.00000000,0.00000000,0.00000000,0.00000000,0.00000000,0.00000000,0.00000000,0.00000000,0.00000000,0.00000000,0.00000000,0.00000000,0.00000000,0.00000000,0.00000000,0.00000000,0.00000000,0.00000000,0.00000000,0.00000000,0.00000000,0.00000000,0.00000000
0.96003431,0.06431638,-0.08642831,0.00382876,0.35557511,-0.93463987,0.00000000,0.00000000,0.00000000,-0.37709999,0.13490000,0.31200001,-0.36489999,0.09690000,0.20199999,-0.08700000,-0.03800000,-0.16980000,-0.00470000,-0.19260000,0.08849999,0.58010000,-0.18900000,-0.04810000,0.57499999,0.22180000,0.06280000,-0.03680000,-0.03530000,0.23999999,0.03430000,-0.02580000,-0.27689999,0.59289998,0.62959999,-0.32530001,0.27959999,0.61510003,-0.01560000,0.62449998,0.23950000,0.03490000,0.56750000,0.19570000,0.62269998,-0.38940001,-0.08300000,0.62480003,0.62589997,0.07700000,0.05640000,0.08590000,0.40400001,0.09950000,-0.36950001,0.00000000,0.00000000,0.00000000,0.00000000,0.00000000,0.00000000,0.00000000,0.00000000,0.00000000,0.00000000,0.00000000,0.00000000,0.00000000,0.00000000,0.00000000,0.00000000,0.00000000,0.00000000,0.00000000,0.00000000,0.00000000,0.00000000,0.00000000
0.97712374,0.07819739,-0.07755294,0.00428624,0.37368709,-0.92754495,0.00000000,0.00000000,0.00000000,-0.37540001,0.14550000,0.32600001,-0.37040001,0.10210000,0.21360001,-0.08850000,-0.02560000,-0.17500000,-0.00280000,-0.18550000,0.09280001,0.59250003,-0.19670001,-0.04990000,0.58749998,0.23440000,0.06470000,-0.03610000,-0.03430000,0.24820000,0.03620000,-0.03290000,-0.20840000,0.57709998,0.63029999,-0.20890000,0.23590000,0.61360002,-0.01700000,0.62870002,0.21680000,0.05210000,0.53680003,0.22540000,0.62300003,-0.38389999,-0.08990000,0.62390000,0.62610000,0.09100000,0.04160000,0.05470000,0.41450000,0.10390000,-0.33939999,0.00000000,0.00000000,0.00000000,0.00000000,0.00000000,0.00000000,0.00000000,0.00000000,0.00000000,0.00000000,0.00000000,0.00000000,0.00000000,0.00000000,0.00000000,0.00000000,0.00000000,0.00000000,0.00000000,0.00000000,0.00000000,0.00000000,0.00000000
0.98215663,0.10440316,-0.07669887,0.00447429,0.39194283,-0.91997874,0.00000000,0.00000000,0.00000000,-0.37330002,0.15560001,0.34000000,-0.37250000,0.10620001,0.22520000,-0.09060000,-0.01310000,-0.18130000,-0.00070000,-0.17910001,0.09739999,0.60500002,-0.20430000,-0.05170000,0.59990001,0.24689999,0.06680000,-0.03570000,-0.03380000,0.25670001,0.03830000,-0.03940000,-0.12400000,0.53950000,0.63169998,-0.06190000,0.18640000,0.62070000,-0.02930000,0.63099998,0.18380000,0.05930000,0.50000000,0.22950000,0.62260002,-0.37810001,-0.09110000,0.62339997,0.62610000,0.10090000,0.03270000,0.04010000,0.42609999,0.11290000,-0.34619999,0.00000000,0.00000000,0.00000000,0.00000000,0.00000000,0.00000000,0.00000000,0.00000000,0.00000000,0.00000000,0.00000000,0.00000000,0.00000000,0.00000000,0.00000000,0.00000000,0.00000000,0.00000000,0.00000000,0.00000000,0.00000000,0.00000000,0.00000000
0.99499983,0.14161696,-0.07965668,0.00412637,0.41021594,-0.91197908,0.00000000,0.00000000,0.00000000,-0.37059999,0.16490000,0.35400000,-0.37199998,0.10970001,0.23700000,-0.09320000,-0.00100000,-0.18860000,0.00110000,-0.17430000,0.10230000,0.61739999,-0.21180001,-0.05350000,0.61240000,0.25940001,0.06910000,-0.03540000,-0.03340000,0.26519999,0.04040000,-0.04580000,-0.07000000,0.49219999,0.63279998,0.03990000,0.16210000,0.61669999,-0.02000000,0.63340002,0.20000000,0.04690000,0.43020001,0.23050000,0.62320000,-0.36930001,-0.09290000,0.62330002,0.62559998,0.11240000,0.03540000,0.04370000,0.41679999,0.11720000,-0.36190000,0.00000000,0.00000000,0.00000000,0.00000000,0.00000000,0.00000000,0.00000000,0.00000000,0.00000000,0.00000000,0.00000000,0.00000000,0.00000000,0.00000000,0.00000000,0.00000000,0.00000000,0.00000000,0.00000000,0.00000000,0.00000000,0.00000000,0.00000000
0.98406005,0.19738586,-0.08329048,0.00297598,0.42853996,-0.90351790,0.00000000,0.00000000,0.00000000,-0.36780000,0.17260000,0.36800000,-0.37089998,0.11330001,0.24900000,-0.09640000,0.00710000,-0.19679999,0.00230000,-0.17649999,0.10750000,0.62980002,-0.21920000,-0.05540000,0.62480003,0.27190000,0.07170000,-0.03540000,-0.03290000,0.27410001,0.04250000,-0.05190000,-0.05350000,0.39669999,0.63520002,0.02580000,0.19540000,0.60009998,-0.02400000,0.37160000,0.24330001,0.02890000,-0.03880000,0.25369999,0.62210000,-0.36719999,-0.09460000,0.62349999,0.62580001,0.11970000,0.02370000,0.04510000,0.43130001,0.11410000,-0.31020001,0.00000000,0.00000000,0.00000000,0.00000000,0.00000000,0.00000000,0.00000000,0.00000000,0.00000000,0.00000000,0.00000000,0.00000000,0.00000000,0.00000000,0.00000000,0.00000000,0.00000000,0.00000000,0.00000000,0.00000000,0.00000000,0.00000000,0.00000000
0.97943932,0.25477776,-0.09279168,0.00073577,0.44665876,-0.89470410,0.00000000,0.00000000,0.00000000,-0.36479998,0.17910001,0.38180000,-0.37129998,0.11760001,0.26080000,-0.10050000,0.01170000,-0.20690000,0.00320000,-0.18480000,0.11309999,0.64230001,-0.22640000,-0.05740000,0.63720000,0.28439999,0.07430000,-0.03510000,-0.03240000,0.28270000,0.04470000,-0.05820000,-0.14770000,0.42980000,0.62570000,-0.07770000,0.18640000,0.62949997,-0.18629999,0.34009999,-0.37650001,0.08750000,0.05890000,0.29229999,0.62199998,-0.34729999,-0.09660000,0.62480003,0.62660003,0.12630001,0.06640000,0.03640000,0.40630001,0.10160000,-0.34979999,0.00000000,0.00000000,0.00000000,0.00000000,0.00000000,0.00000000,0.00000000,0.00000000,0.00000000,0.00000000,0.00000000,0.00000000,0.00000000,0.00000000,0.00000000,0.00000000,0.00000000,0.00000000,0.00000000,0.00000000,0.00000000,0.00000000,0.00000000
1.00896025,0.24481194,-0.09759022,-0.00131018,0.46518573,-0.88521212,0.00000000,0.00000000,0.00000000,-0.36460000,0.18750000,0.39560002,-0.37390000,0.12140000,0.27240002,-0.10570000,0.01850000,-0.21460000,0.00510000,-0.18480000,0.11970000,0.65469998,-0.23320000,-0.05940000,0.64969999,0.29689997,0.07700000,-0.03400000,-0.03260000,0.29150000,0.04690000,-0.06500000,-0.14550000,0.37079999,0.62919998,0.09760000,0.13120000,0.63169998,-0.30770001,0.16640000,-0.40959999,-0.05560000,-0.10720000,0.31810001,0.61769998,-0.33210000,-0.09560000,0.62260002,0.62669998,0.11780000,-0.01570000,-0.01020000,0.51249999,0.08520000,-0.22679999,0.00000000,0.00000000,0.00000000,0.00000000,0.00000000,0.00000000,0.00000000,0.00000000,0.00000000,0.00000000,0.00000000,0.00000000,0.00000000,0.00000000,0.00000000,0.00000000,0.00000000,0.00000000,0.00000000,0.00000000,0.00000000,0.00000000,0.00000000
0.98302102,0.21915369,-0.10236886,-0.00301635,0.48366275,-0.87524927,0.00000000,0.00000000,0.00000000,-0.36089998,0.19500001,0.40930003,-0.37480003,0.12330000,0.28310001,-0.11410000,0.02599999,-0.22839999,0.00580000,-0.18540001,0.12500000,0.66720003,-0.23970000,-0.06180000,0.66200000,0.30940002,0.07980000,-0.03370000,-0.03330000,0.30090001,0.04950000,-0.07290000,0.20829999,0.36960000,0.63099998,0.23989999,0.09780000,0.62159997,-0.27230000,0.45150000,-0.33070001,-0.01360000,0.22920001,-0.48850000,0.61979997,-0.33250001,-0.11010000,0.62150002,0.62570000,0.12639999,0.02370000,0.01940000,0.44650000,0.11490000,-0.47160000,0.00000000,0.00000000,0.00000000,0.00000000,0.00000000,0.00000000,0.00000000,0.00000000,0.00000000,0.00000000,0.00000000,0.00000000,0.00000000,0.00000000,0.00000000,0.00000000,0.00000000,0.00000000,0.00000000,0.00000000,0.00000000,0.00000000,0.00000000
1.04746008,0.22050202,-0.09298654,-0.00441724,0.50208819,-0.86480516,0.00000000,0.00000000,0.00000000,-0.35579997,0.20170000,0.42299998,-0.37110001,0.12450001,0.29440001,-0.12140000,0.03450000,-0.24100000,0.00660000,-0.18520001,0.12450001,0.67960000,-0.24620000,-0.06410000,0.67449999,0.32190001,0.08260000,-0.03310000,-0.03270000,0.31029999,0.05200000,-0.08090000,0.12430000,0.29040000,0.63349998,0.37349999,0.03930000,0.62760001,-0.23010001,0.30109999,-0.37950000,-0.06200000,-0.02810000,-0.07040000,0.61919999,-0.32089999,-0.10690000,0.62480003,0.62629998,0.11640000,0.01110000,0.04590000,0.50029999,0.09500000,-0.28009999,0.00000000,0.00000000,0.00000000,0.00000000,0.00000000,0.00000000,0.00000000,0.00000000,0.00000000,0.00000000,0.00000000,0.00000000,0.00000000,0.00000000,0.00000000,0.00000000,0.00000000,0.00000000,0.00000000,0.00000000,0.00000000,0.00000000,0.00000000
1.07991838,0.25498232,-0.08657438,-0.00615560,0.52102286,-0.85352051,0.00000000,0.00000000,0.00000000,-0.35089999,0.20700000,0.43660003,-0.36800003,0.12680000,0.30640000,-0.12729999,0.03900000,-0.25220001,0.00510000,-0.18889999,0.12450001,0.69209999,-0.25279999,-0.06640000,0.68690002,0.33440000,0.08520000,-0.03250000,-0.03180000,0.31970000,0.05440000,-0.08820000,0.04840000,0.21570000,0.62949997,0.28119999,0.13680001,0.62690002,-0.17749999,0.01640000,-0.23140000,-0.14820001,-0.31220001,-0.05730000,0.61870003,-0.32659999,-0.10720000,0.62510002,0.62650001,0.11560000,-0.00170000,0.05060000,0.51779997,0.08400000,-0.20209999,0.00000000,0.00000000,0.00000000,0.00000000,0.00000000,0.00000000,0.00000000,0.00000000,0.00000000,0.00000000,0.00000000,0.00000000,0.00000000,0.00000000,0.00000000,0.00000000,0.00000000,0.00000000,0.00000000,0.00000000,0.00000000,0.00000000,0.00000000
1.11405730,0.28364980,-0.08481015,-0.00838047,0.54024047,-0.84146893,0.00000000,0.00000000,0.00000000,-0.34689999,0.21090001,0.45020002,-0.36530000,0.13010000,0.31800002,-0.13300000,0.04150000,-0.26220000,0.00230000,-0.19530000,0.12450001,0.70450002,-0.25929999,-0.06860000,0.69940001,0.34689999,0.08800000,-0.03190000,-0.03080000,0.32929999,0.05670000,-0.09460000,0.04080000,0.15310000,0.62989998,0.35220000,0.14160000,0.62800002,-0.14839999,0.04210000,-0.24290000,-0.23150000,-0.34160000,-0.05590000,0.62000000,-0.31950000,-0.10040000,0.62669998,0.62680000,0.12010000,0.02260000,0.06410000,0.51459998,0.08670000,-0.18760000,0.00000000,0.00000000,0.00000000,0.00000000,0.00000000,0.00000000,0.00000000,0.00000000,0.00000000,0.00000000,0.00000000,0.00000000,0.00000000,0.00000000,0.00000000,0.00000000,0.00000000,0.00000000,0.00000000,0.00000000,0.00000000,0.00000000,0.00000000
1.15885639,0.33709183,-0.08818730,-0.01118662,0.55981797,-0.82854015,0.00000000,0.00000000,0.00000000,-0.34369999,0.21310000,0.46370000,-0.36159998,0.13440001,0.32569999,-0.13789999,0.05020000,-0.27249998,-0.00170000,-0.20010000,0.12450001,0.71700001,-0.26580000,-0.07060000,0.71190000,0.35949999,0.09080000,-0.03120000,-0.02950000,0.33950001,0.05910000,-0.10010000,0.00450000,0.03510000,0.63010001,0.35220000,0.24810000,0.24140000,-0.10680000,0.61400002,-0.22759999,-0.24670000,-0.12700000,-0.06460000,0.61960000,-0.31900001,-0.08840000,0.62699997,0.62750000,0.12960000,0.01090000,0.07550000,0.57580000,0.09880000,-0.12390000,0.00000000,0.00000000,0.00000000,0.00000000,0.00000000,0.00000000,0.00000000,0.00000000,0.00000000,0.00000000,0.00000000,0.00000000,0.00000000,0.00000000,0.00000000,0.00000000,0.00000000,0.00000000,0.00000000,0.00000000,0.00000000,0.00000000,0.00000000
1.18917286,0.40324804,-0.09954578,-0.01506156,0.57977456,-0.81463772,0.00000000,0.00000000,0.00000000,-0.34079999,0.21300000,0.47719997,-0.35799998,0.14070000,0.32900000,-0.14190000,0.06320000,-0.28280002,-0.00720000,-0.20500000,0.12459999,0.72939998,-0.27219999,-0.07230000,0.72439998,0.37199998,0.09370000,-0.03050000,-0.02810000,0.35030001,0.06160000,-0.10510000,0.03510000,-0.08050000,0.62930000,0.27350000,0.34459999,0.10960000,-0.06760000,0.63190001,-0.18390000,-0.32159999,-0.27530000,-0.04220000,0.62040001,-0.31169999,-0.05920000,0.62599999,0.62620002,0.13079999,0.00320000,0.06410000,0.61369997,0.11110000,-0.14040001,0.00000000,0.00000000,0.00000000,0.00000000,0.00000000,0.00000000,0.00000000,0.00000000,0.00000000,0.00000000,0.00000000,0.00000000,0.00000000,0.00000000,0.00000000,0.00000000,0.00000000,0.00000000,0.00000000,0.00000000,0.00000000,0.00000000,0.00000000
1.21146250,0.46439156,-0.11569981,-0.02007710,0.59999204,-0.79975408,0.00000000,0.00000000,0.00000000,-0.33800000,0.21070001,0.49059999,-0.35409999,0.14840001,0.33030000,-0.14550000,0.07680000,-0.29240000,-0.01430000,-0.21169999,0.12459999,0.74190003,-0.27840000,-0.07350000,0.73680001,0.38450003,0.09640000,-0.03020000,-0.02720000,0.36170000,0.06420000,-0.11010000,0.02240000,-0.18390000,0.63050002,0.30149999,0.40250000,0.04210000,-0.04370000,0.63169998,-0.16010000,-0.39480001,-0.37360001,-0.03850000,0.62059999,-0.29530001,-0.05470000,0.62559998,0.62550002,0.12160000,0.00060000,0.04850000,0.58780003,0.10330000,-0.13190000,0.00000000,0.00000000,0.00000000,0.00000000,0.00000000,0.00000000,0.00000000,0.00000000,0.00000000,0.00000000,0.00000000,0.00000000,0.00000000,0.00000000,0.00000000,0.00000000,0.00000000,0.00000000,0.00000000,0.00000000,0.00000000,0.00000000,0.00000000
1.23644698,0.51900113,-0.13144009,-0.02612652,0.62036282,-0.78387970,0.00000000,0.00000000,0.00000000,-0.33560002,0.20610000,0.50389999,-0.34939998,0.15720001,0.32990000,-0.14860000,0.09060000,-0.30110002,-0.02270000,-0.22040001,0.12459999,0.75430000,-0.28420001,-0.07430000,0.74930000,0.39700001,0.09920000,-0.03000000,-0.02650000,0.37369999,0.06690000,-0.11460000,0.01680000,-0.29620001,0.63029999,0.30550000,0.46410000,-0.05290000,-0.03490000,0.62970001,-0.10390000,-0.46100000,-0.48210001,-0.02910000,0.62029999,-0.27239999,-0.03120000,0.62480003,0.62360001,0.12100000,-0.00880000,0.03270000,0.62760001,0.11160000,-0.10890000,0.00000000,0.00000000,0.00000000,0.00000000,0.00000000,0.00000000,0.00000000,0.00000000,0.00000000,0.00000000,0.00000000,0.00000000,0.00000000,0.00000000,0.00000000,0.00000000,0.00000000,0.00000000,0.00000000,0.00000000,0.00000000,0.00000000,0.00000000
1.20230424,0.55940753,-0.09805913,-0.03307016,0.64060122,-0.76716131,0.00000000,0.00000000,0.00000000,-0.33280003,0.19880000,0.51520002,-0.34600002,0.16720000,0.32569999,-0.15070000,0.10450001,-0.30830002,-0.03260000,-0.23140000,0.12469999,0.76670003,-0.28479999,-0.07350000,0.76179999,0.40950000,0.10170000,-0.03100000,-0.02620000,0.38630000,0.06990000,-0.11790000,0.04620000,-0.46779999,0.29570001,0.13779999,0.51510000,-0.39010000,0.22589999,0.63590002,0.00380000,-0.53930002,-0.64069998,-0.00060000,0.61799997,0.02870000,0.04750000,0.61940002,0.62309998,0.10570000,-0.12220000,-0.05270000,0.62849998,0.13930000,-0.06690000,0.00000000,0.00000000,0.00000000,0.00000000,0.00000000,0.00000000,0.00000000,0.00000000,0.00000000,0.00000000,0.00000000,0.00000000,0.00000000,0.00000000,0.00000000,0.00000000,0.00000000,0.00000000,0.00000000,0.00000000,0.00000000,0.00000000,0.00000000
1.06165755,0.57935494,-0.14229546,-0.04084041,0.65913051,-0.75091881,0.00000000,0.00000000,0.00000000,-0.32999998,0.18800001,0.51709998,-0.34189999,0.17590000,0.31580001,-0.14500000,0.11850001,-0.31450000,-0.04510000,-0.24560000,0.12469999,0.77899998,-0.28490001,-0.07250000,0.77399999,0.42189997,0.10420000,-0.03510000,-0.03020000,0.39840001,0.07290000,-0.12210000,-0.01850000,-0.59969997,0.01270000,0.30870000,0.41260001,-0.58459997,0.34169999,0.65179998,-0.07120000,-0.66610003,-0.71560001,-0.01460000,0.61890000,0.00020000,0.03990000,0.61479998,0.60820001,0.11180000,-0.24429999,-0.22460000,0.62739998,0.13300000,-0.09440000,0.00000000,0.00000000,0.00000000,0.00000000,0.00000000,0.00000000,0.00000000,0.00000000,0.00000000,0.00000000,0.00000000,0.00000000,0.00000000,0.00000000,0.00000000,0.00000000,0.00000000,0.00000000,0.00000000,0.00000000,0.00000000,0.00000000,0.00000000
1.02415061,0.60425609,-0.21120758,-0.04935595,0.67582524,-0.73540753,0.00000000,0.00000000,0.00000000,-0.33240002,0.17720000,0.50970000,-0.33440000,0.18220000,0.30410001,-0.13400000,0.13219999,-0.32539999,-0.05950000,-0.26220000,0.12469999,0.79110003,-0.28490001,-0.07080000,0.78610003,0.43419999,0.10680000,-0.04130000,-0.03670000,0.40950000,0.07550000,-0.12860000,-0.38640001,-0.45730001,-0.55729997,0.38029999,0.26760000,-0.61849999,0.62489998,0.68150002,-0.55030000,-0.66890001,-0.68470001,0.17410000,0.62019998,-0.00010000,0.10040000,0.60699999,0.59030002,0.10750000,-0.27939999,-0.26190001,0.56000000,0.13330001,-0.32280001,0.00000000,0.00000000,0.00000000,0.00000000,0.00000000,0.00000000,0.00000000,0.00000000,0.00000000,0.00000000,0.00000000,0.00000000,0.00000000,0.00000000,0.00000000,0.00000000,0.00000000,0.00000000,0.00000000,0.00000000,0.00000000,0.00000000,0.00000000
1.05917752,0.58414221,-0.23896815,-0.05821111,0.69170028,-0.71983486,0.00000000,0.00000000,0.00000000,-0.33539999,0.16680001,0.49849999,-0.32690001,0.18700001,0.29210001,-0.12170000,0.14580001,-0.34090000,-0.07470000,-0.27930000,0.12480000,0.80339998,-0.28490001,-0.06860000,0.79830003,0.44650000,0.10900000,-0.04550000,-0.04150000,0.41970000,0.07800000,-0.13789999,-0.22560000,-0.43930000,-0.56779999,0.29840001,0.22030000,-0.57359999,0.59770000,0.63650000,-0.63900000,-0.68040001,-0.61070001,-0.04570000,0.62290001,0.00050000,0.09360000,0.61440003,0.58719999,0.09420000,-0.10760000,-0.13490000,0.50199997,0.13050000,-0.47380000,0.00000000,0.00000000,0.00000000,0.00000000,0.00000000,0.00000000,0.00000000,0.00000000,0.00000000,0.00000000,0.00000000,0.00000000,0.00000000,0.00000000,0.00000000,0.00000000,0.00000000,0.00000000,0.00000000,0.00000000,0.00000000,0.00000000,0.00000000
1.11258614,0.55656534,-0.25930846,-0.06640527,0.70772368,-0.70336163,0.00000000,0.00000000,0.00000000,-0.33859998,0.15740000,0.48720002,-0.31999999,0.19080001,0.28000000,-0.11070000,0.15940000,-0.35799998,-0.09000000,-0.29519999,0.12480000,0.81569999,-0.28490001,-0.06570000,0.81050003,0.45870000,0.11070000,-0.04820000,-0.04520000,0.42890000,0.08060000,-0.14790000,-0.26690000,-0.37230000,-0.56360000,0.22820000,0.17739999,-0.57370001,0.49950001,0.63370001,-0.71160001,-0.70889997,-0.53810000,-0.06260000,0.62269998,0.00050000,0.13850001,0.61460000,0.57529998,0.06410000,-0.10840000,-0.13110000,0.44909999,0.14160000,-0.51840001,0.00000000,0.00000000,0.00000000,0.00000000,0.00000000,0.00000000,0.00000000,0.00000000,0.00000000,0.00000000,0.00000000,0.00000000,0.00000000,0.00000000,0.00000000,0.00000000,0.00000000,0.00000000,0.00000000,0.00000000,0.00000000,0.00000000,0.00000000
1.17239904,0.55201304,-0.28671953,-0.07386547,0.72404909,-0.68578190,0.00000000,0.00000000,0.00000000,-0.34340000,0.14910001,0.47579998,-0.31379998,0.19400001,0.26780000,-0.10140000,0.17270000,-0.37599999,-0.10480000,-0.30970001,0.12480000,0.82779998,-0.28490001,-0.06110000,0.82260001,0.47070003,0.11170000,-0.05260000,-0.05010000,0.43689999,0.08380000,-0.15830000,-0.36230001,-0.34940001,-0.57560003,0.16560000,0.16680001,-0.57529998,0.42670000,0.63510001,-0.77810001,-0.72710001,-0.44440001,-0.06500000,0.61900002,0.00040000,0.27020001,0.61479998,0.55290002,0.00650000,-0.22589999,-0.19340000,0.39370000,0.20200001,-0.58270001,0.00000000,0.00000000,0.00000000,0.00000000,0.00000000,0.00000000,0.00000000,0.00000000,0.00000000,0.00000000,0.00000000,0.00000000,0.00000000,0.00000000,0.00000000,0.00000000,0.00000000,0.00000000,0.00000000,0.00000000,0.00000000,0.00000000,0.00000000
1.23149443,0.57270765,-0.32405046,-0.08107468,0.74072880,-0.66689414,0.00000000,0.00000000,0.00000000,-0.35000002,0.14150001,0.46450001,-0.30870003,0.19690001,0.25560001,-0.09360000,0.18589999,-0.39410001,-0.11929999,-0.32240000,0.12480000,0.83969998,-0.28490001,-0.05570000,0.83460003,0.48250002,0.11240000,-0.05910000,-0.05640000,0.44389999,0.08740000,-0.17010000,-0.46910000,-0.30840001,-0.57010001,0.15400000,0.14120001,-0.57620001,0.33780000,0.63480002,-0.76660001,-0.72670001,-0.30129999,-0.06830000,0.61570001,0.00210000,0.24020000,0.61559999,0.54869998,0.00120000,-0.26580000,-0.20780000,0.36350000,0.19300000,-0.63139999,0.00000000,0.00000000,0.00000000,0.00000000,0.00000000,0.00000000,0.00000000,0.00000000,0.00000000,0.00000000,0.00000000,0.00000000,0.00000000,0.00000000,0.00000000,0.00000000,0.00000000,0.00000000,0.00000000,0.00000000,0.00000000,0.00000000,0.00000000
1.29122353,0.56839538,-0.33190179,-0.08815111,0.75773931,-0.64657611,0.00000000,0.00000000,0.00000000,-0.35759997,0.13440001,0.45319998,-0.30449998,0.19910000,0.24340001,-0.08720000,0.19910000,-0.41229999,-0.13380000,-0.33260000,0.12480000,0.85159999,-0.28490001,-0.04950000,0.84670001,0.49430001,0.11260000,-0.06530000,-0.06210000,0.45050001,0.09140000,-0.18290000,-0.50250000,-0.27120000,-0.56610000,0.15140000,0.07360000,-0.57910001,0.26809999,0.63450003,-0.75410002,-0.73110002,-0.14080000,-0.07010000,0.61570001,0.00260000,0.29690000,0.61629999,0.53310001,-0.03320000,-0.23000000,-0.16490000,0.33950001,0.22610000,-0.63190001,0.00000000,0.00000000,0.00000000,0.00000000,0.00000000,0.00000000,0.00000000,0.00000000,0.00000000,0.00000000,0.00000000,0.00000000,0.00000000,0.00000000,0.00000000,0.00000000,0.00000000,0.00000000,0.00000000,0.00000000,0.00000000,0.00000000,0.00000000
1.35803449,0.53700155,-0.31638449,-0.09451525,0.77499002,-0.62486583,0.00000000,0.00000000,0.00000000,-0.36440003,0.12780000,0.44180000,-0.30119997,0.20010000,0.23109999,-0.08160000,0.21220000,-0.42949998,-0.14880000,-0.33960003,0.12480000,0.86350000,-0.28490001,-0.04170000,0.85869998,0.50590003,0.11210000,-0.07060000,-0.06700000,0.45649999,0.09620000,-0.19589999,0.03440000,-0.46630001,-0.52260000,0.05760000,0.04600000,-0.57880002,0.63779998,0.63400000,0.01400000,-0.74529999,0.14839999,-0.06410000,0.61979997,0.00050000,0.35370001,0.61250001,0.52480000,-0.05660000,-0.20630001,-0.10350000,0.30739999,0.22530000,-0.62419999,0.00000000,0.00000000,0.00000000,0.00000000,0.00000000,0.00000000,0.00000000,0.00000000,0.00000000,0.00000000,0.00000000,0.00000000,0.00000000,0.00000000,0.00000000,0.00000000,0.00000000,0.00000000,0.00000000,0.00000000,0.00000000,0.00000000,0.00000000
1.45921481,0.51124007,-0.30116048,-0.09998895,0.79261398,-0.60146928,0.00000000,0.00000000,0.00000000,-0.36549997,0.11930001,0.43129998,-0.30100000,0.20020001,0.21869999,-0.07080000,0.22510000,-0.42909998,-0.16489999,-0.33529997,0.12469999,0.87570000,-0.28459999,-0.03300000,0.87089998,0.51770002,0.11100000,-0.07280000,-0.06930000,0.46300000,0.10150000,-0.20780000,-0.08220000,-0.26060000,-0.36849999,-0.37320000,-0.09990000,-0.61330003,-0.00400000,0.56950003,-0.00140000,-0.46610001,0.57920003,-0.00730000,0.62349999,0.07170000,0.43239999,0.62559998,0.52910000,-0.09460000,0.09670000,0.06770000,0.31389999,0.27910000,-0.62830001,0.00000000,0.00000000,0.00000000,0.00000000,0.00000000,0.00000000,0.00000000,0.00000000,0.00000000,0.00000000,0.00000000,0.00000000,0.00000000,0.00000000,0.00000000,0.00000000,0.00000000,0.00000000,0.00000000,0.00000000,0.00000000,0.00000000,0.00000000
1.50520635,0.40119296,-0.25060335,-0.10359232,0.81052011,-0.57647705,0.00000000,0.00000000,0.00000000,-0.36699998,0.11380000,0.42100000,-0.30589998,0.19360000,0.20600000,-0.06940001,0.23740001,-0.42909998,-0.17870000,-0.32609999,0.12469999,0.88819999,-0.28290001,-0.02390000,0.88330001,0.52969998,0.10950000,-0.06930000,-0.06790000,0.46919999,0.10720000,-0.21910000,0.00230000,-0.23060000,-0.28860000,-0.46259999,-0.54060000,-0.61600000,-0.60710001,0.52249998,0.05750000,-0.29750001,0.60049999,-0.00250000,0.62709999,0.14070000,0.49610001,0.62379998,0.54519999,-0.10280000,0.22840001,0.13670000,0.27790001,0.33280000,-0.51859999,0.00000000,0.00000000,0.00000000,0.00000000,0.00000000,0.00000000,0.00000000,0.00000000,0.00000000,0.00000000,0.00000000,0.00000000,0.00000000,0.00000000,0.00000000,0.00000000,0.00000000,0.00000000,0.00000000,0.00000000,0.00000000,0.00000000,0.00000000
1.56793487,0.35764286,-0.20039500,-0.10462424,0.82804835,-0.55080825,0.00000000,0.00000000,0.00000000,-0.37070000,0.10990000,0.41009998,-0.31349999,0.18100001,0.19310001,-0.07780000,0.24949999,-0.42909998,-0.18760000,-0.31690001,0.12469999,0.90069997,-0.28020000,-0.01430000,0.89579999,0.54180002,0.10780000,-0.06430000,-0.06440000,0.47400001,0.11330000,-0.22980000,-0.46399999,-0.08020000,-0.59060001,-0.51899999,-0.62840003,-0.62769997,-0.62349999,0.54439998,0.03400000,0.09850000,0.58569998,-0.00650000,0.62690002,0.14460000,0.46210000,0.62949997,0.57819998,-0.10100000,0.25409999,0.28330001,0.22040001,0.29190001,-0.51830000,0.00000000,0.00000000,0.00000000,0.00000000,0.00000000,0.00000000,0.00000000,0.00000000,0.00000000,0.00000000,0.00000000,0.00000000,0.00000000,0.00000000,0.00000000,0.00000000,0.00000000,0.00000000,0.00000000,0.00000000,0.00000000,0.00000000,0.00000000
1.65760159,0.37149462,-0.13604027,-0.10472787,0.84566170,-0.52334356,0.00000000,0.00000000,0.00000000,-0.37599999,0.10610001,0.39829999,-0.32200003,0.16840000,0.18020000,-0.08960000,0.26160002,-0.42540002,-0.19219999,-0.30790001,0.12469999,0.91320002,-0.27770001,-0.00360000,0.90840000,0.55409998,0.10590000,-0.05900000,-0.05850000,0.47770000,0.12030000,-0.24150001,-0.38630000,-0.16930000,-0.60470003,-0.52399999,-0.62840003,-0.62840003,-0.62110001,0.53460002,0.59160000,0.06720000,0.59340000,-0.00370000,0.62769997,0.13390000,0.52130002,0.62940001,0.58270001,-0.09560000,0.25830001,0.33520001,0.18330000,0.34430000,-0.53490001,0.00000000,0.00000000,0.00000000,0.00000000,0.00000000,0.00000000,0.00000000,0.00000000,0.00000000,0.00000000,0.00000000,0.00000000,0.00000000,0.00000000,0.00000000,0.00000000,0.00000000,0.00000000,0.00000000,0.00000000,0.00000000,0.00000000,0.00000000
1.77020359,0.37675568,-0.07505689,-0.10434594,0.86339229,-0.49362502,0.00000000,0.00000000,0.00000000,-0.38129997,0.10169999,0.38609999,-0.33080000,0.15580000,0.16730000,-0.10210000,0.27359998,-0.41700000,-0.18920000,-0.29870000,0.12469999,0.92580003,-0.27530000,0.00870000,0.92110002,0.56639999,0.10400000,-0.05350000,-0.05200000,0.48060000,0.12840000,-0.25340000,-0.41319999,-0.17960000,-0.62290001,-0.53299999,-0.62830001,-0.62830001,-0.62830001,0.53740001,0.62519997,0.62169999,0.59710002,-0.00210000,0.62819999,0.12220000,0.59170002,0.62900001,0.58829999,-0.08990000,0.27500001,0.34130001,0.14920001,0.39480001,-0.54119998,0.00000000,0.00000000,0.00000000,0.00000000,0.00000000,0.00000000,0.00000000,0.00000000,0.00000000,0.00000000,0.00000000,0.00000000,0.00000000,0.00000000,0.00000000,0.00000000,0.00000000,0.00000000,0.00000000,0.00000000,0.00000000,0.00000000,0.00000000
1.90767920,0.36339349,-0.08435249,-0.10328489,0.88121217,-0.46129972,0.00000000,0.00000000,0.00000000,-0.38129997,0.09720001,0.37510002,-0.33530003,0.14430000,0.15440001,-0.11210001,0.28579998,-0.42060000,-0.19610000,-0.28979999,0.12450001,0.93809998,-0.27419999,0.02100000,0.93339998,0.57849997,0.10250000,-0.05200000,-0.05090000,0.48300001,0.13720000,-0.26359999,-0.02710000,-0.17680000,-0.47929999,-0.43790001,-0.55820000,-0.62080002,-0.59140003,0.50730002,0.50500000,-0.32449999,0.59109998,-0.24789999,0.62440002,0.05360000,0.62800002,0.62489998,0.58870000,-0.11080000,0.10880000,0.09350000,0.15060000,0.45879999,-0.42080000,0.00000000,0.00000000,0.00000000,0.00000000,0.00000000,0.00000000,0.00000000,0.00000000,0.00000000,0.00000000,0.00000000,0.00000000,0.00000000,0.00000000,0.00000000,0.00000000,0.00000000,0.00000000,0.00000000,0.00000000,0.00000000,0.00000000,0.00000000
2.03061509,0.34753734,-0.01989232,-0.10094376,0.89900666,-0.42614242,0.00000000,0.00000000,0.00000000,-0.38720000,0.09520000,0.36320001,-0.34410000,0.13230000,0.14139999,-0.12400000,0.29750001,-0.41280001,-0.19380000,-0.27859998,0.11970000,0.95060003,-0.27309999,0.03360000,0.94599998,0.59069997,0.10040000,-0.04760000,-0.04690000,0.48519999,0.14710000,-0.27200001,-0.51480001,-0.04640000,-0.63059998,-0.54729998,-0.62760001,-0.62760001,-0.62889999,0.52490002,0.64609998,0.63650000,0.61919999,-0.62860000,0.62849998,0.07230000,0.62819999,0.62840003,0.58380002,-0.11530000,0.24890000,0.27079999,0.13249999,0.51260000,-0.36770001,0.00000000,0.00000000,0.00000000,0.00000000,0.00000000,0.00000000,0.00000000,0.00000000,0.00000000,0.00000000,0.00000000,0.00000000,0.00000000,0.00000000,0.00000000,0.00000000,0.00000000,0.00000000,0.00000000,0.00000000,0.00000000,0.00000000,0.00000000
2.13498354,0.35623744,0.02631117,-0.09783813,0.91644663,-0.38801196,0.00000000,0.00000000,0.00000000,-0.39200002,0.09310000,0.35040000,-0.35579997,0.12030001,0.12840000,-0.13650000,0.30629998,-0.40390003,-0.18789999,-0.26719999,0.11440000,0.96219999,-0.27090001,0.04580000,0.95459998,0.60079998,0.08220000,-0.04420000,-0.05090000,0.48789999,0.15850000,-0.27620000,0.63950002,-0.21900000,-0.53119999,-0.59149998,-0.25369999,0.08710000,-0.62980002,-0.54119998,0.58569998,-0.64209998,0.57209998,-0.67379999,0.37220001,0.24869999,0.60390002,-0.75580001,0.73379999,2.37849998,-0.07100000,0.37250000,-0.34979999,-0.62690002,0.84850001,0.00000000,0.00000000,0.00000000,0.00000000,0.00000000,0.00000000,0.00000000,0.00000000,0.00000000,0.00000000,0.00000000,0.00000000,0.00000000,0.00000000,0.00000000,0.00000000,0.00000000,0.00000000,0.00000000,0.00000000,0.00000000,0.00000000,0.00000000
1.68199778,-0.25420672,1.11572874,-0.08648954,0.93112189,-0.35430437,0.00000000,0.00000000,0.00000000,-0.38770002,0.08710000,0.33690000,-0.36290002,0.11930001,0.11460000,-0.15050000,0.31150001,-0.39709997,-0.19329999,-0.25540000,0.10540000,0.96640003,-0.27180001,0.05050000,0.95179999,0.61140001,0.07560000,-0.06320000,-0.07610000,0.49280000,0.16859999,-0.27190000,-0.63849998,-0.23680000,-0.44549999,-0.61750001,-0.02960000,-0.54680002,-0.64109999,-0.64029998,0.63340002,0.63099998,0.63819999,-0.25920001,-0.73379999,0.01970000,0.74730003,-0.99119997,0.08490000,0.06240000,-1.07749999,-1.79949999,0.35890001,0.47170001,-0.23870000,0.00000000,0.00000000,0.00000000,0.00000000,0.00000000,0.00000000,0.00000000,0.00000000,0.00000000,0.00000000,0.00000000,0.00000000,0.00000000,0.00000000,0.00000000,0.00000000,0.00000000,0.00000000,0.00000000,0.00000000,0.00000000,0.00000000,0.00000000
0.32318348,-0.33515126,-0.34442118,-0.07621954,0.93595785,-0.34376374,0.00000000,0.00000000,0.00000000,-0.39990002,0.08660001,0.32470000,-0.37390000,0.11530000,0.10060000,-0.15670000,0.32169998,-0.38419998,-0.18189999,-0.24300000,0.09450001,0.95609999,-0.27480000,0.05510000,0.94190001,0.62379998,0.09310000,-0.09000000,-0.09830000,0.49520001,0.17910001,-0.28380001,-0.60299999,0.11210000,-0.50559998,-0.59799999,-0.22380000,-0.43990001,-0.14730000,0.42190000,0.63440001,0.62790000,0.62760001,-0.60820001,-0.78549999,-0.20140000,0.38730001,-0.65810001,0.65140003,0.94660002,-0.61589998,-1.05060005,0.13980000,0.62260002,-0.59030002,0.00000000,0.00000000,0.00000000,0.00000000,0.00000000,0.00000000,0.00000000,0.00000000,0.00000000,0.00000000,0.00000000,0.00000000,0.00000000,0.00000000,0.00000000,0.00000000,0.00000000,0.00000000,0.00000000,0.00000000,0.00000000,0.00000000,0.00000000
0.61052966,-0.30725938,-0.22304641,-0.06764608,0.93860161,-0.33830613,0.00000000,0.00000000,0.00000000,-0.41180003,0.08810000,0.31990001,-0.38529998,0.11380000,0.09050000,-0.16060001,0.33230001,-0.37150002,-0.16960000,-0.23040000,0.08329999,0.94410002,-0.27849999,0.05100000,0.93070000,0.63650000,0.11200000,-0.11710000,-0.12180000,0.49829999,0.18040000,-0.28979999,-0.59770000,0.17000000,-0.06020000,-0.57999998,0.00230000,-0.09370000,-0.04510000,0.23760000,0.62150002,0.62790000,0.62680000,-0.62220001,-0.70400000,-0.18050000,-0.73830003,-0.55220002,0.63919997,0.75139999,-0.94220001,-0.94599998,0.16850001,-0.09780000,-0.21280000,0.00000000,0.00000000,0.00000000,0.00000000,0.00000000,0.00000000,0.00000000,0.00000000,0.00000000,0.00000000,0.00000000,0.00000000,0.00000000,0.00000000,0.00000000,0.00000000,0.00000000,0.00000000,0.00000000,0.00000000,0.00000000,0.00000000,0.00000000
1.11245334,-0.13247828,-0.06016736,-0.05915669,0.94355553,-0.32588872,0.00000000,0.00000000,0.00000000,-0.41860002,0.09340000,0.33210000,-0.38360000,0.11430000,0.09930000,-0.16950001,0.34399998,-0.35900003,-0.15709999,-0.21779999,0.07080000,0.93290001,-0.28079998,0.04270000,0.92449999,0.64910001,0.12760000,-0.13820000,-0.14320000,0.49869999,0.17670000,-0.29179999,-0.29929999,0.22780000,0.62840003,-0.12200000,0.10760000,0.62819999,-0.29570001,0.59570003,0.62830001,0.62830001,0.62830001,-0.62830001,-0.56120002,-0.05020000,-0.27399999,-0.10730000,0.62709999,0.50620002,-0.69419998,-0.84039998,0.16560000,-0.16970000,-0.13320000,0.00000000,0.00000000,0.00000000,0.00000000,0.00000000,0.00000000,0.00000000,0.00000000,0.00000000,0.00000000,0.00000000,0.00000000,0.00000000,0.00000000,0.00000000,0.00000000,0.00000000,0.00000000,0.00000000,0.00000000,0.00000000,0.00000000,0.00000000
1.37035084,0.07978536,0.11761604,-0.05211659,0.95117706,-0.30421388,0.00000000,0.00000000,0.00000000,-0.42040002,0.09590000,0.34450001,-0.38400000,0.11730000,0.11110000,-0.17000000,0.35640001,-0.34640002,-0.14470001,-0.20520000,0.05820000,0.92379999,-0.28189999,0.03560000,0.92470002,0.66170001,0.13850001,-0.15710001,-0.16310000,0.50050002,0.17150000,-0.29330000,-0.10070000,0.08600000,0.62870002,-0.10840000,0.15380000,0.62050003,0.00930000,0.62629998,0.62830001,0.62779999,0.62690002,-0.62819999,-0.41119999,-0.00060000,-0.22820000,0.14579999,0.63050002,0.47870001,-0.72100002,-0.85270000,0.14110000,-0.23510000,-0.03790000,0.00000000,0.00000000,0.00000000,0.00000000,0.00000000,0.00000000,0.00000000,0.00000000,0.00000000,0.00000000,0.00000000,0.00000000,0.00000000,0.00000000,0.00000000,0.00000000,0.00000000,0.00000000,0.00000000,0.00000000,0.00000000,0.00000000,0.00000000
1.63535285,0.26630303,0.22596379,-0.04783318,0.95981330,-0.27653295,0.00000000,0.00000000,0.00000000,-0.41930002,0.09690000,0.35699999,-0.38459998,0.12010001,0.12250000,-0.17000000,0.36879998,-0.33380002,-0.13230000,-0.19260000,0.04560000,0.91790003,-0.28250000,0.03210000,0.92809999,0.67430001,0.14600000,-0.17569999,-0.18240000,0.50150001,0.16810000,-0.29600000,0.08580000,0.04220000,0.63099998,-0.07060000,0.11690000,0.61949998,0.00000000,0.62570000,0.62660003,0.62830001,0.62669998,-0.62830001,-0.24270000,0.00960000,-0.02570000,0.24570000,0.63279998,0.32190001,-0.74989998,-0.90210003,0.09530000,-0.12170000,-0.16650000,0.00000000,0.00000000,0.00000000,0.00000000,0.00000000,0.00000000,0.00000000,0.00000000,0.00000000,0.00000000,0.00000000,0.00000000,0.00000000,0.00000000,0.00000000,0.00000000,0.00000000,0.00000000,0.00000000,0.00000000,0.00000000,0.00000000,0.00000000
1.86943090,0.45521247,0.30852500,-0.04601765,0.96900928,-0.24270032,0.00000000,0.00000000,0.00000000,-0.41600001,0.09610000,0.36870000,-0.38789999,0.12360001,0.12880000,-0.17000000,0.38129997,-0.32130000,-0.12000000,-0.18000001,0.03320000,0.91460001,-0.28340000,0.03180000,0.93190002,0.68680000,0.15160000,-0.19400001,-0.20209999,0.50250000,0.16610000,-0.29859999,0.20819999,-0.11390000,0.62849998,-0.26289999,0.18650000,0.19650000,0.00430000,0.62589997,0.62830001,0.62830001,0.62699997,-0.62830001,-0.15170000,-0.01330000,0.07020000,0.20630001,0.63120002,0.26840001,-0.81250000,-0.91949999,0.07360000,-0.05520000,-0.02310000,0.00000000,0.00000000,0.00000000,0.00000000,0.00000000,0.00000000,0.00000000,0.00000000,0.00000000,0.00000000,0.00000000,0.00000000,0.00000000,0.00000000,0.00000000,0.00000000,0.00000000,0.00000000,0.00000000,0.00000000,0.00000000,0.00000000,0.00000000
1.64408469,0.55894423,0.37970722,-0.04706936,0.97767347,-0.20479026,0.00000000,0.00000000,0.00000000,-0.42129999,0.09240000,0.36600000,-0.39740002,0.12650001,0.12140000,-0.16110000,0.39389998,-0.30870000,-0.10820000,-0.16740000,0.02110000,0.90969998,-0.28450000,0.03400000,0.93379998,0.69900000,0.15570000,-0.21269999,-0.22160000,0.50700003,0.16590001,-0.30059999,-0.36989999,-0.29609999,-0.61159998,-0.57990003,-0.00120000,-0.62570000,0.61589998,0.62739998,0.62830001,0.62830001,0.62639999,-0.62830001,-0.43550000,-0.00310000,0.16660000,0.09150000,0.60699999,0.08490000,-0.82830000,-0.88180000,0.26310000,0.03120000,-0.24010000,0.00000000,0.00000000,0.00000000,0.00000000,0.00000000,0.00000000,0.00000000,0.00000000,0.00000000,0.00000000,0.00000000,0.00000000,0.00000000,0.00000000,0.00000000,0.00000000,0.00000000,0.00000000,0.00000000,0.00000000,0.00000000,0.00000000,0.00000000
1.38980448,0.63445550,0.46736911,-0.05123515,0.98376548,-0.17198956,0.00000000,0.00000000,0.00000000,-0.42720002,0.08710000,0.35390002,-0.40770000,0.12650001,0.10890000,-0.14930001,0.40649998,-0.29619998,-0.09649999,-0.15480000,0.00910000,0.89980000,-0.28430000,0.04070000,0.93500000,0.71120000,0.15740000,-0.23360001,-0.24169999,0.51050001,0.16769999,-0.30559999,-0.18740000,-0.28940001,-0.60290003,-0.49529999,-0.07240000,-0.61440003,0.50860000,0.62449998,0.62790000,0.62830001,0.62599999,-0.62760001,-0.68099999,0.07930000,0.37900001,-0.02810000,0.58569998,0.02350000,-0.97560000,-0.92890000,0.15320000,0.15200000,-0.23800001,0.00000000,0.00000000,0.00000000,0.00000000,0.00000000,0.00000000,0.00000000,0.00000000,0.00000000,0.00000000,0.00000000,0.00000000,0.00000000,0.00000000,0.00000000,0.00000000,0.00000000,0.00000000,0.00000000,0.00000000,0.00000000,0.00000000,0.00000000
1.22334862,0.67460161,0.60161728,-0.05796647,0.98797214,-0.14335625,0.00000000,0.00000000,0.00000000,-0.43300003,0.08329999,0.34209999,-0.41759998,0.12680000,0.09660000,-0.13789999,0.41920000,-0.28360000,-0.08589999,-0.14219999,-0.00230000,0.88789999,-0.28350002,0.04590000,0.93480003,0.72329998,0.15960000,-0.25880000,-0.26269999,0.51270002,0.16900000,-0.31029999,-0.27350000,-0.13310000,-0.59320003,-0.57290000,-0.01020000,-0.60200000,0.52749997,0.62159997,0.62760001,0.62830001,0.62459999,-0.62459999,-0.72200000,0.08570000,0.15040000,-0.26339999,0.63800001,0.13360000,-1.24150002,-0.98710001,0.07730000,0.08710000,-0.26310000,0.00000000,0.00000000,0.00000000,0.00000000,0.00000000,0.00000000,0.00000000,0.00000000,0.00000000,0.00000000,0.00000000,0.00000000,0.00000000,0.00000000,0.00000000,0.00000000,0.00000000,0.00000000,0.00000000,0.00000000,0.00000000,0.00000000,0.00000000
1.21098793,0.76560628,0.65419900,-0.06665594,0.99082327,-0.11758510,0.00000000,0.00000000,0.00000000,-0.43169999,0.07950000,0.34439999,-0.42650002,0.12960000,0.08490000,-0.14150000,0.43180001,-0.27109998,-0.07570000,-0.12960000,-0.01310000,0.87610000,-0.28290001,0.04630000,0.93260002,0.73549998,0.16030000,-0.28760001,-0.28529999,0.51319999,0.16820000,-0.31119999,0.23840000,-0.19030000,0.55040002,-0.52319998,0.19080000,-0.59219998,-0.62900001,0.62239999,0.62840003,0.62830001,0.62440002,-0.62300003,-0.74000001,0.03450000,-0.09760000,-0.36100000,0.65039998,-0.11320000,-1.35490000,-0.93500000,-0.01360000,-0.02120000,0.10850000,0.00000000,0.00000000,0.00000000,0.00000000,0.00000000,0.00000000,0.00000000,0.00000000,0.00000000,0.00000000,0.00000000,0.00000000,0.00000000,0.00000000,0.00000000,0.00000000,0.00000000,0.00000000,0.00000000,0.00000000,0.00000000,0.00000000,0.00000000
1.53930986,0.83754963,0.85115272,-0.07731453,0.99297279,-0.08959658,0.00000000,0.00000000,0.00000000,-0.42960000,0.07810000,0.35680002,-0.41460001,0.12900001,0.08380000,-0.15300000,0.44379997,-0.25870001,-0.06500000,-0.11710000,-0.02510000,0.86470002,-0.28340000,0.04290000,0.93260002,0.74760002,0.15620001,-0.31700000,-0.30700001,0.51059997,0.16500001,-0.30590001,0.23490000,0.03480000,0.62870002,0.62680000,-0.15530001,0.17100000,-0.56389999,0.61540002,0.62840003,0.62830001,0.62239999,-0.61030000,-0.73229998,-0.05450000,-0.27509999,-0.05840000,0.64399999,-0.16850001,-1.32239997,-0.89529997,-0.12480000,-0.12480000,0.16820000,0.00000000,0.00000000,0.00000000,0.00000000,0.00000000,0.00000000,0.00000000,0.00000000,0.00000000,0.00000000,0.00000000,0.00000000,0.00000000,0.00000000,0.00000000,0.00000000,0.00000000,0.00000000,0.00000000,0.00000000,0.00000000,0.00000000,0.00000000
1.80255413,0.79036957,0.85907811,-0.08734903,0.99466062,-0.05495896,0.00000000,0.00000000,0.00000000,-0.42650002,0.07619999,0.36879998,-0.40120000,0.12700000,0.08150000,-0.16410001,0.45599997,-0.24630000,-0.05480000,-0.10460000,-0.03690000,0.85299999,-0.28490001,0.04200000,0.92809999,0.75950003,0.15050000,-0.34520000,-0.32600001,0.50309998,0.16080000,-0.30019999,0.25850001,-0.07370000,0.62849998,0.62720001,-0.15040000,-0.09230000,-0.51910001,0.62159997,0.62840003,0.62830001,0.62489998,-0.61930001,-0.72799999,-0.01090000,-0.01650000,-0.51380002,0.65829998,-0.40009999,-1.28160000,-0.75779998,-0.48809999,-0.18279999,0.25619999,0.00000000,0.00000000,0.00000000,0.00000000,0.00000000,0.00000000,0.00000000,0.00000000,0.00000000,0.00000000,0.00000000,0.00000000,0.00000000,0.00000000,0.00000000,0.00000000,0.00000000,0.00000000,0.00000000,0.00000000,0.00000000,0.00000000,0.00000000
1.75365949,0.75976455,0.84337330,-0.09659950,0.99517620,-0.01711433,0.00000000,0.00000000,0.00000000,-0.43360001,0.07380000,0.36339998,-0.39230001,0.12460001,0.07050000,-0.15540001,0.46859998,-0.23379999,-0.04680000,-0.09209999,-0.04710000,0.84039998,-0.28490001,0.04840000,0.91640002,0.77170002,0.14229999,-0.37560001,-0.34540001,0.49660000,0.15760000,-0.29460001,-0.10720000,-0.08020000,-0.31119999,-0.05640000,-0.06760000,-0.58420002,0.50900000,0.62440002,0.62730002,0.60009998,0.62830001,-0.53969997,-0.77060002,-0.00580000,0.13180000,-0.78729999,0.65649998,-0.33800000,-1.53509998,-0.89609998,-0.49919999,-0.14720000,0.10880000,0.00000000,0.00000000,0.00000000,0.00000000,0.00000000,0.00000000,0.00000000,0.00000000,0.00000000,0.00000000,0.00000000,0.00000000,0.00000000,0.00000000,0.00000000,0.00000000,0.00000000,0.00000000,0.00000000,0.00000000,0.00000000,0.00000000,0.00000000
1.75271928,0.74597490,0.95216590,-0.10593066,0.99419230,0.01898478,0.00000000,0.00000000,0.00000000,-0.44360000,0.07230000,0.35220000,-0.38560003,0.12200001,0.05890000,-0.14280000,0.48119998,-0.22129999,-0.04020000,-0.07960000,-0.05630000,0.82709998,-0.28490001,0.05500000,0.90310001,0.78340006,0.13410001,-0.41080001,-0.36719999,0.49090001,0.15590000,-0.29069999,-0.00040000,-0.02250000,-0.55960000,-0.52010000,-0.02140000,-0.58029997,0.62639999,0.61940002,0.62690002,0.51370001,0.62809998,-0.39030001,-0.80860001,-0.01160000,0.20750000,-0.75309998,0.62970001,-0.43390000,-1.78410006,-0.89029998,-0.45269999,-0.07990000,-0.23960000,0.00000000,0.00000000,0.00000000,0.00000000,0.00000000,0.00000000,0.00000000,0.00000000,0.00000000,0.00000000,0.00000000,0.00000000,0.00000000,0.00000000,0.00000000,0.00000000,0.00000000,0.00000000,0.00000000,0.00000000,0.00000000,0.00000000,0.00000000
1.82272446,0.70644557,1.01811624,-0.11521834,0.99183565,0.05465181,0.00000000,0.00000000,0.00000000,-0.44360000,0.06940000,0.34170002,-0.38110000,0.11920001,0.04760000,-0.13050000,0.49379998,-0.20890000,-0.03450000,-0.06720000,-0.06410000,0.81290001,-0.28490001,0.06070000,0.88880002,0.79480004,0.12560000,-0.45019999,-0.39039999,0.48440000,0.15459999,-0.28950000,-0.00290000,0.03720000,-0.55150002,-0.52810001,-0.01870000,-0.56300002,0.62379998,0.61979997,0.62669998,0.54170001,0.62800002,-0.25000000,-0.84219998,-0.01340000,0.24990000,-0.81739998,0.66390002,-0.54729998,-1.98339999,-0.99599999,-0.55849999,-0.06590000,-0.18210000,0.00000000,0.00000000,0.00000000,0.00000000,0.00000000,0.00000000,0.00000000,0.00000000,0.00000000,0.00000000,0.00000000,0.00000000,0.00000000,0.00000000,0.00000000,0.00000000,0.00000000,0.00000000,0.00000000,0.00000000,0.00000000,0.00000000,0.00000000
-1.70950651,0.26634359,0.94643611,-0.12505902,0.98807639,0.08980708,0.00000000,0.00000000,0.00000000,-0.44360000,0.06600000,0.33190000,-0.37540001,0.11470000,0.03710000,-0.12440000,0.50559998,-0.19640000,-0.02880000,-0.05500000,-0.07370000,0.80110002,-0.28490001,0.06410000,0.87889999,0.80089998,0.11930000,-0.48559999,-0.39940000,0.48130000,0.15330000,-0.28819999,0.00000000,-0.20100001,-0.58550000,0.53719997,-0.46280000,-0.59710002,0.20530000,0.62470001,0.62760001,0.55049998,0.62800002,-0.61400002,-0.73420000,-0.00700000,0.53149998,-0.41119999,0.51510000,0.17340000,-1.29299998,0.58279997,-0.25960001,-0.07790000,-0.26280001,0.00000000,0.00000000,0.00000000,0.00000000,0.00000000,0.00000000,0.00000000,0.00000000,0.00000000,0.00000000,0.00000000,0.00000000,0.00000000,0.00000000,0.00000000,0.00000000,0.00000000,0.00000000,0.00000000,0.00000000,0.00000000,0.00000000,0.00000000
-0.63459766,-0.28897837,0.37816283,-0.13203923,0.98966420,0.05595070,0.00000000,0.00000000,0.00000000,-0.44560003,0.05690000,0.31550002,-0.38190001,0.10770001,0.02950000,-0.13140000,0.50809997,-0.18329999,-0.00380000,-0.03890000,-0.07880001,0.78590000,-0.28490001,0.06830000,0.87390000,0.80659997,0.12330000,-0.50749999,-0.38830000,0.47290000,0.15590000,-0.30019999,0.55849999,-0.60360003,-0.60680002,0.36250001,-0.62919998,-0.63660002,-0.44650000,0.03840000,0.44139999,0.63510001,0.70560002,-0.65340000,-0.62269998,-0.00340000,0.62120003,-0.45150000,0.50010002,-0.19910000,-0.25999999,0.64050001,-0.66259998,0.07280000,-0.66949999,0.00000000,0.00000000,0.00000000,0.00000000,0.00000000,0.00000000,0.00000000,0.00000000,0.00000000,0.00000000,0.00000000,0.00000000,0.00000000,0.00000000,0.00000000,0.00000000,0.00000000,0.00000000,0.00000000,0.00000000,0.00000000,0.00000000,0.00000000
-0.35155147,-0.27415854,0.28127387,-0.12762146,0.99087191,0.04342396,0.00000000,0.00000000,0.00000000,-0.43410003,0.04470000,0.30500001,-0.36980003,0.09580000,0.01690000,-0.12740001,0.50860000,-0.16640000,0.01150000,-0.02510000,-0.07000001,0.77270001,-0.28490001,0.07330000,0.86199999,0.79809999,0.10960000,-0.50800002,-0.37549999,0.46120000,0.15350001,-0.29350001,0.62129998,-0.60960001,0.23740000,0.72649997,-0.47830001,-0.62040001,-0.59680003,0.23240000,0.61430001,0.63700002,0.64690000,0.65030003,-0.62760001,-0.00750000,0.21879999,-0.65289998,-0.55460000,-0.59640002,0.27300000,0.56980002,-0.63559997,-0.16720000,0.69190001,0.00000000,0.00000000,0.00000000,0.00000000,0.00000000,0.00000000,0.00000000,0.00000000,0.00000000,0.00000000,0.00000000,0.00000000,0.00000000,0.00000000,0.00000000,0.00000000,0.00000000,0.00000000,0.00000000,0.00000000,0.00000000,0.00000000,0.00000000
-0.10831817,-0.21305290,0.43527895,-0.12296728,0.99176872,0.03569176,0.00000000,0.00000000,0.00000000,-0.42120004,0.03770000,0.29830000,-0.35659999,0.08370000,0.00740001,-0.12100001,0.51980001,-0.15320000,0.02440000,-0.00940000,-0.05760000,0.75999999,-0.28090000,0.08030000,0.84969997,0.78569996,0.09760000,-0.50000000,-0.36410001,0.44920000,0.15210000,-0.28500000,0.62419999,-0.11520000,0.08490000,0.67540002,-0.60920000,-0.12320000,0.00680000,0.58120000,0.58630002,0.63069999,0.54070002,0.63040000,-0.59680003,0.36520001,0.29769999,-0.57740003,-0.63020003,-0.37500000,0.69400001,0.62760001,-0.63279998,-0.06280000,0.48719999,0.00000000,0.00000000,0.00000000,0.00000000,0.00000000,0.00000000,0.00000000,0.00000000,0.00000000,0.00000000,0.00000000,0.00000000,0.00000000,0.00000000,0.00000000,0.00000000,0.00000000,0.00000000,0.00000000,0.00000000,0.00000000,0.00000000,0.00000000
0.05741132,-0.33185521,0.65226108,-0.11878908,0.99235988,0.03333171,0.00000000,0.00000000,0.00000000,-0.40910000,0.03850000,0.29350001,-0.34439999,0.07280000,0.00870000,-0.11160000,0.53109998,-0.14030001,0.03650000,0.00430000,-0.05370000,0.74860001,-0.27380002,0.08470000,0.83800000,0.77349997,0.08760000,-0.48969999,-0.35150000,0.43950000,0.15170000,-0.28009999,0.62809998,0.17520000,0.01280000,0.63230002,-0.61960000,0.22260000,0.20140000,0.58260000,0.62599999,0.59069997,0.67739999,0.04000000,-0.62040001,0.46820000,0.27030000,-0.56500000,-0.62940001,-0.40619999,0.62860000,0.63970000,-0.62889999,-0.07420000,0.36039999,0.00000000,0.00000000,0.00000000,0.00000000,0.00000000,0.00000000,0.00000000,0.00000000,0.00000000,0.00000000,0.00000000,0.00000000,0.00000000,0.00000000,0.00000000,0.00000000,0.00000000,0.00000000,0.00000000,0.00000000,0.00000000,0.00000000,0.00000000
0.08073363,-0.43980795,0.72483349,-0.11198917,0.99313992,0.03363802,0.00000000,0.00000000,0.00000000,-0.39609998,0.03890000,0.29150000,-0.33200002,0.06260000,0.01130000,-0.10390000,0.54269999,-0.12729999,0.04560000,0.01710000,-0.05080000,0.73720002,-0.26730001,0.08730000,0.82620001,0.76160002,0.07720000,-0.47850001,-0.33890000,0.42950001,0.15140000,-0.27500001,0.62760001,0.01780000,0.29359999,0.65640002,-0.61699998,0.17200001,-0.06290000,0.60409999,0.61930001,0.40959999,0.63069999,0.15350001,-0.61970001,0.42449999,0.23920000,-0.56639999,-0.62919998,-0.43070000,0.64160001,0.64099997,-0.63010001,-0.07390000,0.51450002,0.00000000,0.00000000,0.00000000,0.00000000,0.00000000,0.00000000,0.00000000,0.00000000,0.00000000,0.00000000,0.00000000,0.00000000,0.00000000,0.00000000,0.00000000,0.00000000,0.00000000,0.00000000,0.00000000,0.00000000,0.00000000,0.00000000,0.00000000
0.06810381,-0.37594289,0.66940701,-0.10336877,0.99405521,0.03419317,0.00000000,0.00000000,0.00000000,-0.38309997,0.03660000,0.29220000,-0.31980002,0.05020000,0.01180001,-0.09630000,0.55469996,-0.11390000,0.05550000,0.03110000,-0.05050000,0.72500002,-0.25929999,0.09040000,0.81430000,0.74900001,0.06780000,-0.46640000,-0.32609999,0.41729999,0.15040000,-0.26400000,0.62739998,-0.19110000,0.33500001,0.66979998,-0.61970001,0.01660000,0.03880000,0.60479999,0.61360002,0.31169999,0.62940001,0.38020000,-0.61659998,0.43340001,0.20209999,-0.58590001,-0.62629998,-0.46100000,0.64719999,0.64289999,-0.63040000,-0.08250000,0.66360003,0.00000000,0.00000000,0.00000000,0.00000000,0.00000000,0.00000000,0.00000000,0.00000000,0.00000000,0.00000000,0.00000000,0.00000000,0.00000000,0.00000000,0.00000000,0.00000000,0.00000000,0.00000000,0.00000000,0.00000000,0.00000000,0.00000000,0.00000000
0.01595987,-0.32596722,0.59401059,-0.09594379,0.99479979,0.03417840,0.00000000,0.00000000,0.00000000,-0.37019998,0.03190000,0.29170001,-0.30800003,0.03780000,0.01530000,-0.08650000,0.55750000,-0.10070000,0.06350000,0.04470000,-0.05490000,0.71280003,-0.25110000,0.09340000,0.80220002,0.73650002,0.06000000,-0.45429999,-0.31320000,0.40520000,0.14940000,-0.25340000,0.62790000,-0.29060000,0.14970000,0.62699997,-0.62379998,0.24550000,0.30059999,-0.00470000,0.62269998,0.22820000,0.64670002,-0.04700000,-0.62140000,0.43160000,0.16640000,-0.60020000,-0.62800002,-0.35650000,0.64029998,0.63880002,-0.62919998,-0.06500000,0.64230001,0.00000000,0.00000000,0.00000000,0.00000000,0.00000000,0.00000000,0.00000000,0.00000000,0.00000000,0.00000000,0.00000000,0.00000000,0.00000000,0.00000000,0.00000000,0.00000000,0.00000000,0.00000000,0.00000000,0.00000000,0.00000000,0.00000000,0.00000000
0.00696869,-0.27557728,0.53488076,-0.08967514,0.99540162,0.03367462,0.00000000,0.00000000,0.00000000,-0.35820001,0.02700000,0.28929999,-0.29629999,0.02530000,0.02310000,-0.07460000,0.55189997,-0.08760000,0.06950000,0.05620000,-0.06220000,0.70039999,-0.24230000,0.09610000,0.79030001,0.72390002,0.05410000,-0.44209999,-0.30019999,0.39309999,0.14810000,-0.24510001,0.59179997,-0.23530000,-0.10470000,0.58859998,-0.62430000,0.47979999,0.59380001,-0.33469999,0.62809998,0.11080000,0.63940001,-0.28709999,-0.62800002,0.44929999,0.11320000,-0.62150002,-0.62800002,-0.29910001,0.62860000,0.62760001,-0.61309999,-0.06370000,0.32530001,0.00000000,0.00000000,0.00000000,0.00000000,0.00000000,0.00000000,0.00000000,0.00000000,0.00000000,0.00000000,0.00000000,0.00000000,0.00000000,0.00000000,0.00000000,0.00000000,0.00000000,0.00000000,0.00000000,0.00000000,0.00000000,0.00000000,0.00000000
0.00454093,-0.24634147,0.52728671,-0.08439748,0.99587655,0.03327251,0.00000000,0.00000000,0.00000000,-0.34740001,0.02320000,0.28509998,-0.28460002,0.01270000,0.03290000,-0.06230000,0.54240000,-0.07460000,0.07359999,0.06530000,-0.06880000,0.68800002,-0.23310000,0.09830000,0.77820003,0.71120000,0.04910000,-0.42980000,-0.28729999,0.38110000,0.14669999,-0.24010000,0.35910001,-0.14120001,-0.25180000,0.60670000,-0.62769997,0.59759998,0.62879997,-0.62089998,0.61080003,0.03930000,0.60589999,-0.15889999,-0.62540001,0.47330001,0.10030000,-0.60939997,-0.62840003,-0.22950000,0.62860000,0.63480002,-0.62860000,-0.08190000,0.26080000,0.00000000,0.00000000,0.00000000,0.00000000,0.00000000,0.00000000,0.00000000,0.00000000,0.00000000,0.00000000,0.00000000,0.00000000,0.00000000,0.00000000,0.00000000,0.00000000,0.00000000,0.00000000,0.00000000,0.00000000,0.00000000,0.00000000,0.00000000
-0.05679751,-0.24424839,0.53017825,-0.07947430,0.99631423,0.03227700,0.00000000,0.00000000,0.00000000,-0.33829999,0.02020000,0.27740002,-0.27310002,0.00010000,0.04220000,-0.04990000,0.52999997,-0.06290000,0.07640000,0.07310000,-0.07480000,0.67559999,-0.22409999,0.09980000,0.76620001,0.69849998,0.04470000,-0.41769999,-0.27430001,0.36899999,0.14520000,-0.23610000,0.25000000,-0.09630000,-0.44060001,0.60589999,-0.62779999,0.46550000,0.62889999,-0.62629998,0.48899999,0.02280000,0.60119998,-0.01410000,-0.62870002,0.42170000,0.05070000,-0.62849998,-0.62720001,-0.22759999,0.62730002,0.63029999,-0.62650001,-0.07190000,0.25240001,0.00000000,0.00000000,0.00000000,0.00000000,0.00000000,0.00000000,0.00000000,0.00000000,0.00000000,0.00000000,0.00000000,0.00000000,0.00000000,0.00000000,0.00000000,0.00000000,0.00000000,0.00000000,0.00000000,0.00000000,0.00000000,0.00000000,0.00000000
-0.13532719,-0.24397266,0.52502817,-0.07459164,0.99676239,0.03001430,0.00000000,0.00000000,0.00000000,-0.32940000,0.01730000,0.26630002,-0.26139998,-0.01240000,0.04840000,-0.03750001,0.51749998,-0.05270000,0.07940000,0.08140001,-0.07760000,0.66310000,-0.21660000,0.10050000,0.75410002,0.68580002,0.04080000,-0.40599999,-0.26140001,0.35710001,0.14360000,-0.23170000,0.19710000,-0.08850000,-0.61629999,0.60970002,-0.62819999,0.30779999,0.62879997,-0.62639999,0.31790000,0.05510000,0.60579997,0.16660000,-0.62290001,0.33919999,0.03070000,-0.61629999,-0.62849998,-0.20280001,0.63069999,0.63540000,-0.62849998,-0.07780000,0.31840000,0.00000000,0.00000000,0.00000000,0.00000000,0.00000000,0.00000000,0.00000000,0.00000000,0.00000000,0.00000000,0.00000000,0.00000000,0.00000000,0.00000000,0.00000000,0.00000000,0.00000000,0.00000000,0.00000000,0.00000000,0.00000000,0.00000000,0.00000000
-0.16565977,-0.09252636,0.48110405,-0.06978400,0.99721432,0.02634007,0.00000000,0.00000000,0.00000000,-0.32260001,0.01260000,0.25470001,-0.25070000,-0.02000000,0.05100000,-0.02510001,0.50510001,-0.04170000,0.08290000,0.08990000,-0.08000000,0.65050000,-0.21169999,0.09960000,0.74210000,0.67339998,0.03600000,-0.39520001,-0.24830000,0.34520000,0.14150000,-0.22430000,-0.03630000,-0.32200000,-0.50989997,0.60020000,-0.00110000,0.08530000,0.62930000,-0.62809998,0.35769999,0.01100000,0.61510003,-0.03370000,-0.63080001,0.13210000,0.01140000,-0.63120002,-0.61909997,-0.27309999,0.39739999,0.63950002,-0.63099998,-0.09390000,0.59710002,0.00000000,0.00000000,0.00000000,0.00000000,0.00000000,0.00000000,0.00000000,0.00000000,0.00000000,0.00000000,0.00000000,0.00000000,0.00000000,0.00000000,0.00000000,0.00000000,0.00000000,0.00000000,0.00000000,0.00000000,0.00000000,0.00000000,0.00000000
-0.25308764,-0.01909453,0.34233007,-0.06811041,0.99744511,0.02154637,0.00000000,0.00000000,0.00000000,-0.31610000,0.00380000,0.24290000,-0.23959999,-0.02000000,0.05000000,-0.01240000,0.49250001,-0.03030000,0.08460000,0.09990001,-0.08210000,0.63749999,-0.21030000,0.10050000,0.72970003,0.66079998,0.03290000,-0.38830000,-0.23540001,0.33340001,0.13950001,-0.21619999,0.02330000,-0.36880001,-0.57349998,0.60170001,-0.00110000,-0.01150000,0.62879997,-0.62830001,0.59009999,-0.01210000,0.61559999,0.33820000,-0.62949997,0.01860000,0.03710000,-0.62840003,-0.62529999,-0.13820000,0.50370002,0.63580000,-0.63059998,-0.09320000,0.44909999,0.00000000,0.00000000,0.00000000,0.00000000,0.00000000,0.00000000,0.00000000,0.00000000,0.00000000,0.00000000,0.00000000,0.00000000,0.00000000,0.00000000,0.00000000,0.00000000,0.00000000,0.00000000,0.00000000,0.00000000,0.00000000,0.00000000,0.00000000
-0.29707536,0.03956265,0.22230555,-0.06801144,0.99756616,0.01536939,0.00000000,0.00000000,0.00000000,-0.30919999,-0.00690000,0.23040000,-0.22840001,-0.02000000,0.04730000,0.00020000,0.47990000,-0.01790000,0.08470000,0.11040001,-0.07610001,0.62470001,-0.21070001,0.10080000,0.71740001,0.64829999,0.03100000,-0.37950000,-0.22250000,0.32170001,0.13710000,-0.20990001,0.01300000,-0.45339999,-0.59500003,0.61299998,0.00010000,-0.10220000,0.62849998,-0.62840003,0.63190001,-0.01270000,0.61809999,0.61919999,-0.62849998,-0.04560000,0.01370000,-0.62290001,-0.62739998,-0.06380000,0.57270002,0.63400000,-0.62930000,-0.10290000,0.41890001,0.00000000,0.00000000,0.00000000,0.00000000,0.00000000,0.00000000,0.00000000,0.00000000,0.00000000,0.00000000,0.00000000,0.00000000,0.00000000,0.00000000,0.00000000,0.00000000,0.00000000,0.00000000,0.00000000,0.00000000,0.00000000,0.00000000,0.00000000
-0.30268946,0.05796689,0.15779558,-0.06880873,0.99759257,0.00862880,0.00000000,0.00000000,0.00000000,-0.30360001,-0.01790000,0.21790001,-0.21710001,-0.02000000,0.04400000,0.01279999,0.46730000,-0.00550000,0.08470000,0.12120000,-0.06710000,0.61210001,-0.21169999,0.10110000,0.70520002,0.63559997,0.03000000,-0.36890000,-0.20960000,0.30989999,0.13460000,-0.20370001,-0.02280000,-0.45580000,-0.60020000,0.61659998,0.00040000,-0.12380000,0.62819999,-0.62840003,0.62949997,-0.01100000,0.61780000,0.62140000,-0.62489998,-0.03000000,0.01760000,-0.61159998,-0.62879997,-0.01140000,0.63190001,0.63559997,-0.62860000,-0.11340000,0.45190001,0.00000000,0.00000000,0.00000000,0.00000000,0.00000000,0.00000000,0.00000000,0.00000000,0.00000000,0.00000000,0.00000000,0.00000000,0.00000000,0.00000000,0.00000000,0.00000000,0.00000000,0.00000000,0.00000000,0.00000000,0.00000000,0.00000000,0.00000000
-0.15904233,-0.02290024,0.15918186,-0.06935907,0.99758792,0.00277415,0.00000000,0.00000000,0.00000000,-0.30559999,-0.02000000,0.20469999,-0.20830001,-0.02000000,0.04610000,0.02540000,0.45440000,0.00680000,0.08470000,0.13280000,-0.06630000,0.60049999,-0.21050000,0.10110000,0.69319999,0.62290001,0.03090000,-0.35730001,-0.19650000,0.29800001,0.13210000,-0.19949999,-0.16329999,0.00040000,-0.60509998,0.59780002,-0.00110000,0.18080001,0.62779999,-0.62669998,0.63029999,-0.01260000,0.62959999,0.31779999,-0.62800002,0.11880000,0.00350000,-0.61750001,-0.62830001,-0.05110000,0.62620002,0.63620001,-0.62830001,-0.13349999,0.38090000,0.00000000,0.00000000,0.00000000,0.00000000,0.00000000,0.00000000,0.00000000,0.00000000,0.00000000,0.00000000,0.00000000,0.00000000,0.00000000,0.00000000,0.00000000,0.00000000,0.00000000,0.00000000,0.00000000,0.00000000,0.00000000,0.00000000,0.00000000
-0.16614608,-0.07254811,0.19510107,-0.06825727,0.99766761,-0.00056016,0.00000000,0.00000000,0.00000000,-0.30430001,-0.02000000,0.19170000,-0.20050000,-0.02000000,0.04920000,0.03800000,0.44150001,0.01940000,0.08470000,0.14490001,-0.06389999,0.58859998,-0.20809999,0.10000000,0.68110001,0.61019999,0.03160000,-0.34529999,-0.18520001,0.28619999,0.12930000,-0.19360000,-0.11070000,0.00110000,-0.60829997,0.59719998,-0.00080000,0.13740000,0.62779999,-0.62730002,0.63059998,-0.01060000,0.63169998,0.37009999,-0.62800002,0.11380000,-0.08030000,-0.63010001,-0.60920000,0.03810000,0.62699997,0.44380000,-0.62309998,-0.16689999,0.60350001,0.00000000,0.00000000,0.00000000,0.00000000,0.00000000,0.00000000,0.00000000,0.00000000,0.00000000,0.00000000,0.00000000,0.00000000,0.00000000,0.00000000,0.00000000,0.00000000,0.00000000,0.00000000,0.00000000,0.00000000,0.00000000,0.00000000,0.00000000
-0.16582716,-0.14662687,0.34172198,-0.06591745,0.99781734,-0.00392893,0.00000000,0.00000000,0.00000000,-0.29990000,-0.02000000,0.17860000,-0.19250001,-0.02000000,0.05230000,0.05050001,0.42869997,0.03190000,0.08470000,0.15740000,-0.06430000,0.57670003,-0.20530000,0.09840000,0.66850001,0.59770000,0.03390000,-0.33350000,-0.17900001,0.27450001,0.12600000,-0.18440001,0.14100000,-0.00060000,-0.61839998,0.59909999,0.00020000,0.16650000,0.62819999,-0.62919998,0.63029999,-0.00540000,0.63239998,0.30620000,-0.62750000,0.14810000,-0.09160000,-0.62949997,-0.62360001,0.10160000,0.62809998,0.39559999,-0.62840003,-0.20640001,0.62819999,0.00000000,0.00000000,0.00000000,0.00000000,0.00000000,0.00000000,0.00000000,0.00000000,0.00000000,0.00000000,0.00000000,0.00000000,0.00000000,0.00000000,0.00000000,0.00000000,0.00000000,0.00000000,0.00000000,0.00000000,0.00000000,0.00000000,0.00000000
-0.17214948,-0.16491045,0.36112663,-0.06246965,0.99802023,-0.00729079,0.00000000,0.00000000,0.00000000,-0.29420000,-0.02000000,0.16550000,-0.18449999,-0.02000000,0.05550000,0.06310000,0.41579998,0.04450000,0.08470000,0.17009999,-0.06350000,0.56520003,-0.20190001,0.09680000,0.65640002,0.58510000,0.03590000,-0.32179999,-0.16660000,0.26269999,0.12220000,-0.17470001,0.11020000,-0.00140000,-0.62150002,0.60689998,0.00020000,0.16000000,0.62830001,-0.62919998,0.62949997,-0.00380000,0.63200003,0.39910001,-0.60579997,0.16440000,-0.08380000,-0.61140001,-0.62870002,0.07980000,0.62840003,0.62830001,-0.62840003,-0.20070000,0.62819999,0.00000000,0.00000000,0.00000000,0.00000000,0.00000000,0.00000000,0.00000000,0.00000000,0.00000000,0.00000000,0.00000000,0.00000000,0.00000000,0.00000000,0.00000000,0.00000000,0.00000000,0.00000000,0.00000000,0.00000000,0.00000000,0.00000000,0.00000000
-0.17337935,-0.16695957,0.32874131,-0.05876353,0.99821466,-0.01069815,0.00000000,0.00000000,0.00000000,-0.28710002,-0.02000000,0.15240000,-0.17880000,-0.02000000,0.05870000,0.07560000,0.40300000,0.05710000,0.08470000,0.18280001,-0.06150000,0.55500001,-0.19870000,0.09480000,0.64429998,0.57249999,0.03820000,-0.31079999,-0.15360001,0.25119999,0.11800000,-0.16640000,0.12420000,0.00110000,-0.60710001,0.59579998,0.00020000,0.16280000,0.62779999,-0.62930000,0.62970001,-0.00990000,0.63319999,0.31510001,-0.52869999,0.10660000,-0.12030000,-0.61030000,-0.62840003,0.07320000,0.62910002,0.62830001,-0.62819999,-0.23660000,0.62480003,0.00000000,0.00000000,0.00000000,0.00000000,0.00000000,0.00000000,0.00000000,0.00000000,0.00000000,0.00000000,0.00000000,0.00000000,0.00000000,0.00000000,0.00000000,0.00000000,0.00000000,0.00000000,0.00000000,0.00000000,0.00000000,0.00000000,0.00000000
-0.17224814,-0.16614133,0.29585430,-0.05497834,0.99838835,-0.01407489,0.00000000,0.00000000,0.00000000,-0.27780002,-0.02000000,0.13930000,-0.17799999,-0.02000000,0.06170000,0.08819999,0.39010000,0.06980000,0.08470000,0.19550000,-0.05790000,0.54519999,-0.19620000,0.09110000,0.63220000,0.55980003,0.04070000,-0.30080000,-0.14080000,0.23980001,0.11360000,-0.16050000,0.56620002,0.00080000,-0.61470002,-0.22640000,-0.00050000,0.15420000,0.62819999,-0.62949997,0.62879997,-0.00710000,0.63020003,0.58840001,-0.56220001,0.15850000,-0.14210001,-0.61570001,-0.62840003,0.11990000,0.62699997,0.62870002,-0.62870002,-0.23330000,0.22059999,0.00000000,0.00000000,0.00000000,0.00000000,0.00000000,0.00000000,0.00000000,0.00000000,0.00000000,0.00000000,0.00000000,0.00000000,0.00000000,0.00000000,0.00000000,0.00000000,0.00000000,0.00000000,0.00000000,0.00000000,0.00000000,0.00000000,0.00000000
-0.16012578,-0.17541800,0.26808837,-0.05117895,0.99853992,-0.01728367,0.00000000,0.00000000,0.00000000,-0.26620001,-0.02000000,0.12650000,-0.18969999,-0.02000000,0.06400000,0.10070001,0.37729996,0.08230001,0.08470000,0.20819999,-0.04860000,0.53520000,-0.19330001,0.08840000,0.62019998,0.54729998,0.04490000,-0.29159999,-0.12830000,0.22880000,0.10900000,-0.15880001,0.62830001,0.00100000,-0.60600001,-0.63069999,-0.00310000,0.13510001,0.62800002,-0.62989998,0.62699997,-0.00800000,0.63040000,0.58480000,-0.52950001,0.13070001,-0.14990000,-0.62300003,-0.62570000,0.22540000,0.60509998,0.58109999,-0.62750000,-0.23570000,0.07960000,0.00000000,0.00000000,0.00000000,0.00000000,0.00000000,0.00000000,0.00000000,0.00000000,0.00000000,0.00000000,0.00000000,0.00000000,0.00000000,0.00000000,0.00000000,0.00000000,0.00000000,0.00000000,0.00000000,0.00000000,0.00000000,0.00000000,0.00000000
-0.15038104,-0.16113199,0.23854837,-0.04748634,0.99866378,-0.02038829,0.00000000,0.00000000,0.00000000,-0.25500000,-0.02000000,0.11380000,-0.20349999,-0.02000000,0.06640000,0.11299999,0.36449999,0.09490000,0.08470000,0.22090001,-0.04110000,0.52590001,-0.19069999,0.08530000,0.60820001,0.53469998,0.05020000,-0.28360000,-0.11660000,0.21850000,0.10450000,-0.15850000,0.62410003,0.00060000,-0.59670001,-0.63090003,-0.00350000,0.15400000,0.62819999,-0.63000000,0.62610000,-0.00490000,0.63029999,0.47409999,-0.51179999,0.11650000,-0.14690000,-0.62419999,-0.62430000,0.24169999,0.60540003,0.51899999,-0.62760001,-0.21420000,0.02230000,0.00000000,0.00000000,0.00000000,0.00000000,0.00000000,0.00000000,0.00000000,0.00000000,0.00000000,0.00000000,0.00000000,0.00000000,0.00000000,0.00000000,0.00000000,0.00000000,0.00000000,0.00000000,0.00000000,0.00000000,0.00000000,0.00000000,0.00000000
-0.05229644,-0.16050799,0.19235380,-0.04418005,0.99875885,-0.02299853,0.00000000,0.00000000,0.00000000,-0.26440001,-0.01590000,0.11480000,-0.21609999,-0.02000000,0.06970000,0.10200001,0.35179996,0.10240000,0.08350000,0.23380001,-0.02990000,0.51919997,-0.18840000,0.08180000,0.59660000,0.52219999,0.05660000,-0.27820000,-0.10540000,0.20970000,0.09990000,-0.15240000,-0.62760001,0.25240001,0.05970000,-0.63669997,-0.00050000,0.29519999,-0.62010002,-0.62970001,0.02460000,-0.46349999,0.62919998,0.58350003,-0.32760000,0.09980000,-0.15770000,-0.62400001,-0.62440002,0.29229999,0.50489998,0.54110003,-0.52160001,-0.21580000,0.16850001,0.00000000,0.00000000,0.00000000,0.00000000,0.00000000,0.00000000,0.00000000,0.00000000,0.00000000,0.00000000,0.00000000,0.00000000,0.00000000,0.00000000,0.00000000,0.00000000,0.00000000,0.00000000,0.00000000,0.00000000,0.00000000,0.00000000,0.00000000
0.18766299,-0.05048313,0.13276707,-0.04172088,0.99885374,-0.02346442,0.00000000,0.00000000,0.00000000,-0.27679998,-0.01110000,0.12280000,-0.22849999,-0.01770000,0.07960000,0.08920000,0.33910000,0.11120000,0.07380000,0.24670000,-0.01810000,0.51779997,-0.18799999,0.07660000,0.58980000,0.50970000,0.06460000,-0.27390000,-0.09680000,0.20320000,0.09550000,-0.14630000,-0.60689998,0.30939999,0.61799997,-0.61970001,0.18970001,0.61790001,-0.64380002,-0.62889999,0.61299998,-0.13730000,0.60060000,0.63380003,-0.05530000,-0.00550000,-0.23050000,-0.32879999,-0.62390000,0.47530001,0.50029999,0.39579999,-0.35210001,-0.19260000,0.47729999,0.00000000,0.00000000,0.00000000,0.00000000,0.00000000,0.00000000,0.00000000,0.00000000,0.00000000,0.00000000,0.00000000,0.00000000,0.00000000,0.00000000,0.00000000,0.00000000,0.00000000,0.00000000,0.00000000,0.00000000,0.00000000,0.00000000,0.00000000
0.12981202,-0.00911281,0.10694005,-0.04108191,0.99895018,-0.02026904,0.00000000,0.00000000,0.00000000,-0.28920001,-0.00810000,0.13470000,-0.24080001,-0.01210000,0.09220000,0.07630000,0.32650000,0.12190001,0.06600000,0.25360000,-0.00760000,0.51819998,-0.18820000,0.07560000,0.58850002,0.49760002,0.07490000,-0.27210000,-0.09390000,0.20200001,0.09090000,-0.13390000,-0.58960003,0.07650000,0.60219997,-0.63059998,0.33770001,0.62830001,-0.62919998,-0.62050003,0.62849998,-0.22180000,0.04870000,0.50250000,-0.03660000,-0.02880000,0.04580000,-0.09940000,-0.55559999,0.73019999,0.24570000,0.07770000,-0.12610000,-0.21920000,0.63900000,0.00000000,0.00000000,0.00000000,0.00000000,0.00000000,0.00000000,0.00000000,0.00000000,0.00000000,0.00000000,0.00000000,0.00000000,0.00000000,0.00000000,0.00000000,0.00000000,0.00000000,0.00000000,0.00000000,0.00000000,0.00000000,0.00000000,0.00000000
0.17141423,-0.02911185,0.13685636,-0.04155000,0.99897093,-0.01818648,0.00000000,0.00000000,0.00000000,-0.30159998,-0.00560000,0.14660001,-0.25300002,-0.00560000,0.10430000,0.06340000,0.31379998,0.13230000,0.06330000,0.26190001,-0.00140000,0.52010000,-0.18820000,0.07820000,0.59289998,0.48879999,0.08670000,-0.27419999,-0.09660000,0.20379999,0.08680000,-0.12260000,-0.62540001,0.24959999,0.61400002,-0.62559998,0.27230000,0.62180001,-0.62910002,-0.62830001,0.62830001,-0.00910000,0.53210002,0.32060000,0.06470000,0.05410000,0.13000000,0.26220000,-0.45429999,0.71249998,0.04250000,-0.09580000,0.00210000,-0.19589999,0.51880002,0.00000000,0.00000000,0.00000000,0.00000000,0.00000000,0.00000000,0.00000000,0.00000000,0.00000000,0.00000000,0.00000000,0.00000000,0.00000000,0.00000000,0.00000000,0.00000000,0.00000000,0.00000000,0.00000000,0.00000000,0.00000000,0.00000000,0.00000000
